zomato_17873+yelp_35198,0.125
yelp_48888+zomato_1150,0.14285714285714285
schemaOrg_3006+schemaOrg_3259+zomato_87+zomato_74,0.2857142857142857
schemaOrg_3654+zomato_1601+zomato_12,0.2857142857142857
zomato_15439+yelp_6536,0.2857142857142857
yelp_40203+zomato_14130,0.2857142857142857
zomato_15438+yelp_21101,0.2857142857142857
yelp_33400+zomato_45,0.2857142857142857
zomato_4486+yelp_16028,0.2857142857142857
zomato_5600+yelp_32059,0.2857142857142857
yelp_11531+zomato_18429,0.2857142857142857
zomato_10294+yelp_31815,0.2857142857142857
zomato_19097+yelp_30013,0.2857142857142857
yelp_8057+zomato_14089,0.2857142857142857
schemaOrg_3236+zomato_474+schemaOrg_3495+zomato_972,0.32142857142857145
schemaOrg_3039+schemaOrg_3006+schemaOrg_3259+zomato_926+schemaOrg_3127+schemaOrg_3565+schemaOrg_2981+schemaOrg_3531+schemaOrg_3134+schemaOrg_3197+zomato_1785+zomato_1787+zomato_87+zomato_1844+zomato_74+zomato_1837,0.3724489795918367
zomato_14358+yelp_46960,0.375
zomato_2521+yelp_24581,0.375
yelp_53836+zomato_17666,0.375
yelp_52695+zomato_14752,0.375
yelp_15177+zomato_5429,0.375
yelp_51615+zomato_17740,0.375
zomato_4533+yelp_27524,0.375
yelp_5545+zomato_16992,0.375
zomato_17120+yelp_28305,0.375
zomato_1196+yelp_41453,0.375
yelp_45397+zomato_8794,0.375
zomato_17906+yelp_15836,0.375
yelp_6989+zomato_17699,0.375
zomato_13436+yelp_24416,0.375
zomato_1199+yelp_2352,0.375
zomato_2534+yelp_41805,0.375
yelp_25098+zomato_17897,0.375
zomato_3071+yelp_47490,0.375
yelp_16449+zomato_18400,0.375
zomato_8559+zomato_7704+schemaOrg_281,0.38095238095238093
yelp_56428+zomato_19205,0.42857142857142855
zomato_5604+yelp_41918,0.42857142857142855
yelp_7975+zomato_4608,0.42857142857142855
schemaOrg_3017+zomato_1794,0.42857142857142855
yelp_40375+zomato_8795,0.42857142857142855
yelp_2104+zomato_9262,0.42857142857142855
zomato_14138+yelp_29659,0.42857142857142855
zomato_10802+yelp_52607,0.42857142857142855
yelp_26951+zomato_1096,0.42857142857142855
yelp_14842+zomato_10312,0.42857142857142855
yelp_38545+zomato_3052,0.42857142857142855
yelp_56755+zomato_3163,0.42857142857142855
schemaOrg_3622+zomato_617,0.42857142857142855
yelp_8410+zomato_5440,0.42857142857142855
zomato_3998+yelp_22601,0.42857142857142855
yelp_51981+zomato_5451,0.42857142857142855
schemaOrg_3589+zomato_1784,0.42857142857142855
schemaOrg_3336+schemaOrg_3226+zomato_1780+schemaOrg_3433+zomato_365+schemaOrg_3174+zomato_1858+schemaOrg_3514,0.4345238095238095
yelp_25534+zomato_19062+yelp_24672+yelp_9068,0.4375
yelp_45027+zomato_487+yelp_45528,0.4583333333333333
yelp_6074+zomato_2526,0.5
yelp_698+zomato_16018,0.5
zomato_1751+yelp_53001,0.5
zomato_2334+yelp_51162,0.5
zomato_17713+yelp_1929,0.5
zomato_9281+yelp_1147,0.5
zomato_14170+yelp_37925,0.5
yelp_10563+zomato_8020,0.5
yelp_32364+zomato_17840,0.5
yelp_24313+zomato_8939,0.5
zomato_15979+yelp_3121,0.5
yelp_39237+zomato_10214,0.5
zomato_1274+yelp_21910,0.5
yelp_26349+zomato_17383,0.5
yelp_24175+zomato_16049,0.5
zomato_3823+yelp_54561,0.5
zomato_18294+yelp_51174,0.5
zomato_5412+yelp_28743,0.5
yelp_55534+zomato_6052,0.5
yelp_36277+zomato_10410,0.5
zomato_16988+yelp_6710,0.5
zomato_6151+yelp_10745,0.5
zomato_8921+yelp_53105,0.5
yelp_24426+zomato_15753,0.5
yelp_55306+zomato_9794,0.5
zomato_15946+yelp_7473,0.5
zomato_4514+yelp_45424,0.5
yelp_50053+zomato_9273,0.5
yelp_50523+zomato_1025,0.5
yelp_27565+zomato_18384,0.5
zomato_5079+yelp_18123,0.5
zomato_2963+yelp_12083,0.5
zomato_6114+yelp_16266,0.5
zomato_15998+yelp_47355,0.5
zomato_3743+yelp_48318,0.5
zomato_17+yelp_12849,0.5
zomato_264+yelp_41135,0.5
zomato_9824+yelp_54448,0.5
yelp_10863+zomato_17743,0.5
zomato_431+yelp_55547,0.5
zomato_1273+yelp_14209,0.5
zomato_5530+yelp_18207,0.5
zomato_17801+yelp_28362,0.5
yelp_8548+zomato_4832,0.5
yelp_16219+zomato_8810,0.5
zomato_9822+yelp_45183,0.5
zomato_9280+yelp_31190,0.5
zomato_15347+yelp_6124,0.5
zomato_7983+yelp_41084,0.5
yelp_28655+zomato_8894,0.5
yelp_6977+zomato_4460,0.5
zomato_14583+yelp_13707,0.5
zomato_1133+yelp_35609,0.5
zomato_9832+yelp_31998,0.5
schemaOrg_3006+schemaOrg_3259+zomato_926+schemaOrg_3531+zomato_87+zomato_1844+zomato_74+zomato_1837,0.5107142857142857
yelp_47480+yelp_26395+zomato_1162,0.5238095238095238
yelp_19651+yelp_3328+zomato_14096+yelp_41686+yelp_13670+yelp_54146,0.5416666666666666
yelp_48765+yelp_31400+zomato_17820,0.5416666666666666
zomato_2170+yelp_14318,0.5714285714285714
zomato_15374+yelp_16432,0.5714285714285714
yelp_36753+zomato_20481,0.5714285714285714
schemaOrg_3446+zomato_213,0.5714285714285714
yelp_38615+zomato_8785,0.5714285714285714
schemaOrg_49+zomato_8344,0.5714285714285714
zomato_1780+schemaOrg_3174,0.5714285714285714
yelp_28850+zomato_15982,0.5714285714285714
schemaOrg_3225+zomato_1812,0.5714285714285714
schemaOrg_134+zomato_7459,0.5714285714285714
zomato_3099+yelp_11779,0.5714285714285714
yelp_11017+zomato_20737,0.5714285714285714
zomato_19506+yelp_50291,0.5714285714285714
yelp_53127+zomato_8928,0.5714285714285714
zomato_1179+yelp_13185,0.5714285714285714
schemaOrg_3586+zomato_1857,0.5714285714285714
schemaOrg_260+zomato_7453,0.5714285714285714
zomato_14077+yelp_7665,0.5714285714285714
schemaOrg_3169+zomato_70,0.5714285714285714
yelp_26126+zomato_2227,0.5714285714285714
zomato_17948+yelp_20996,0.5714285714285714
schemaOrg_3002+zomato_75,0.5714285714285714
zomato_19435+schemaOrg_1789,0.5714285714285714
schemaOrg_2908+zomato_1118,0.5714285714285714
schemaOrg_2970+zomato_907,0.5714285714285714
schemaOrg_3204+zomato_218,0.5714285714285714
zomato_8803+yelp_88,0.5714285714285714
zomato_8001+yelp_29155,0.5714285714285714
schemaOrg_1919+zomato_19359,0.5714285714285714
zomato_9272+yelp_32201,0.5714285714285714
zomato_715+schemaOrg_3466,0.5714285714285714
zomato_7215+schemaOrg_92,0.5714285714285714
zomato_3078+yelp_22699,0.5714285714285714
yelp_38758+zomato_5408,0.5714285714285714
zomato_1174+yelp_731,0.5714285714285714
yelp_287+zomato_2729,0.5714285714285714
yelp_14976+zomato_2996,0.5714285714285714
schemaOrg_3333+zomato_437,0.5714285714285714
zomato_10758+yelp_49199,0.5714285714285714
zomato_15415+yelp_23865,0.5714285714285714
yelp_39997+zomato_4550,0.5714285714285714
zomato_15408+yelp_54944,0.5714285714285714
yelp_54214+zomato_20730,0.5714285714285714
zomato_8870+yelp_28341,0.5714285714285714
zomato_1437+yelp_30648,0.5714285714285714
zomato_7788+schemaOrg_140,0.5714285714285714
schemaOrg_3576+zomato_1789,0.5714285714285714
schemaOrg_3028+zomato_85,0.5714285714285714
yelp_10324+zomato_17887,0.5714285714285714
schemaOrg_3244+zomato_1119,0.5714285714285714
schemaOrg_3545+zomato_1861,0.5714285714285714
yelp_24043+zomato_4609,0.5714285714285714
yelp_57102+zomato_5385,0.5714285714285714
schemaOrg_120+zomato_7764,0.5714285714285714
yelp_24788+zomato_5524,0.5714285714285714
zomato_19684+schemaOrg_1890,0.5714285714285714
schemaOrg_3011+zomato_20,0.5714285714285714
yelp_37779+zomato_8932,0.5714285714285714
zomato_8501+schemaOrg_187,0.5714285714285714
yelp_45144+zomato_15874,0.5714285714285714
schemaOrg_61+zomato_8498,0.5714285714285714
schemaOrg_3237+zomato_1831,0.5714285714285714
schemaOrg_130+zomato_7761,0.5714285714285714
schemaOrg_3434+zomato_940,0.5714285714285714
zomato_4292+yelp_1570,0.5714285714285714
zomato_1075+yelp_17029,0.5714285714285714
zomato_14354+yelp_32913,0.5714285714285714
zomato_58+yelp_48891,0.5714285714285714
schemaOrg_3643+zomato_1869,0.5714285714285714
yelp_32885+zomato_17854,0.5714285714285714
yelp_36661+zomato_10333,0.5714285714285714
yelp_56628+zomato_5516,0.5714285714285714
schemaOrg_1929+zomato_20523,0.5714285714285714
yelp_23970+zomato_5096+yelp_40638,0.5833333333333333
zomato_13437+yelp_47237+yelp_54422,0.5833333333333334
yelp_54921+yelp_40203+yelp_2756+yelp_10719+yelp_37524+zomato_14130+zomato_14104,0.5892857142857143
zomato_18837+yelp_30371+zomato_19191+yelp_46098,0.59375
yelp_40736+yelp_29527+yelp_35714+zomato_3060+yelp_35915,0.6
zomato_19095+zomato_14131+yelp_28089,0.619047619047619
zomato_5398+yelp_5189+yelp_12814,0.619047619047619
zomato_14117+yelp_52380+yelp_15751+yelp_23542+zomato_14144+zomato_14122+yelp_8579,0.6249999999999999
yelp_34297+zomato_4547,0.625
yelp_10830+zomato_18434,0.625
zomato_13828+yelp_41880,0.625
yelp_23752+zomato_9355,0.625
zomato_17878+yelp_16467,0.625
yelp_33420+zomato_9310,0.625
zomato_10735+yelp_39817,0.625
zomato_5466+yelp_12792,0.625
yelp_40631+zomato_1140,0.625
zomato_8896+yelp_51135,0.625
zomato_13847+yelp_34505,0.625
yelp_22739+zomato_18348,0.625
zomato_6170+yelp_33619,0.625
yelp_55338+zomato_17771,0.625
zomato_7940+yelp_9767,0.625
zomato_5458+yelp_31311,0.625
zomato_16002+yelp_27054,0.625
yelp_49338+zomato_516,0.625
yelp_16133+zomato_4849,0.625
zomato_17664+yelp_17462,0.625
zomato_5433+yelp_34304,0.625
zomato_8743+yelp_4794,0.625
yelp_43035+zomato_13925,0.625
zomato_10286+yelp_34718,0.625
zomato_3790+yelp_32074,0.625
zomato_8864+yelp_28473,0.625
yelp_38679+zomato_6128,0.625
zomato_5325+yelp_14087,0.625
zomato_10725+yelp_36749,0.625
zomato_16022+yelp_19505,0.625
yelp_32649+zomato_9818,0.625
yelp_10637+zomato_14334,0.625
yelp_7709+zomato_3409,0.625
yelp_46255+zomato_1149,0.625
yelp_32887+zomato_17367,0.625
zomato_8856+yelp_18522,0.625
zomato_17838+yelp_39089,0.625
yelp_38202+zomato_1148,0.625
yelp_22046+zomato_3004+yelp_1263,0.625
yelp_40863+zomato_15973,0.625
zomato_17396+yelp_23492,0.625
yelp_42189+zomato_5021,0.625
yelp_35100+zomato_14406,0.625
zomato_5085+yelp_1065,0.625
yelp_21255+zomato_17731,0.625
zomato_15931+yelp_52522,0.625
zomato_17706+yelp_39541,0.625
zomato_8417+yelp_35617,0.625
zomato_17835+yelp_29105,0.625
zomato_9501+yelp_27798,0.625
zomato_5507+yelp_50194,0.625
zomato_7502+yelp_22064,0.625
yelp_52526+zomato_8865,0.625
zomato_4512+yelp_6588,0.625
zomato_19934+yelp_13955,0.625
yelp_43693+zomato_5578,0.625
yelp_32436+zomato_5097,0.625
zomato_17543+yelp_16919,0.625
yelp_20085+zomato_4309,0.625
zomato_17674+yelp_53344,0.625
zomato_4516+yelp_8942,0.625
zomato_20500+yelp_1528,0.625
yelp_10995+zomato_9785,0.625
yelp_7680+zomato_5484,0.625
zomato_5596+yelp_28220,0.625
yelp_18286+zomato_3786,0.625
zomato_8861+yelp_31716,0.625
zomato_4371+yelp_21715,0.625
zomato_8871+yelp_26030,0.625
yelp_9218+zomato_5100,0.625
yelp_35778+zomato_4939,0.625
zomato_8893+yelp_11867,0.625
zomato_619+yelp_14425,0.625
zomato_6135+yelp_1383,0.625
yelp_18432+zomato_13265,0.625
zomato_17828+yelp_37272,0.625
zomato_4509+yelp_29719,0.625
yelp_23765+zomato_17810,0.625
yelp_27027+zomato_6183,0.625
zomato_8902+yelp_7368,0.625
yelp_4639+zomato_17777,0.625
zomato_6454+yelp_45272,0.625
zomato_7357+yelp_51323,0.625
yelp_12331+zomato_15985,0.625
zomato_1088+yelp_33764,0.625
yelp_40133+zomato_10338,0.625
zomato_15942+yelp_25158,0.625
yelp_31031+zomato_1445,0.625
zomato_10307+yelp_56124,0.625
yelp_41168+zomato_8041,0.625
yelp_47437+zomato_3070,0.625
yelp_23443+zomato_5570,0.625
yelp_43045+zomato_5608,0.625
zomato_1130+yelp_54933,0.625
yelp_44851+zomato_88,0.625
yelp_12550+zomato_7992,0.625
zomato_60+yelp_55821,0.625
yelp_32351+zomato_24,0.625
yelp_51379+zomato_3745,0.625
zomato_18408+yelp_4879,0.625
yelp_31186+zomato_7421,0.625
yelp_16153+zomato_5441,0.625
yelp_38291+zomato_4451,0.625
zomato_5036+yelp_34933,0.625
zomato_10306+yelp_9765,0.625
zomato_3022+yelp_29838,0.625
zomato_10284+yelp_40791,0.625
yelp_56627+zomato_453,0.625
zomato_20509+yelp_53795,0.625
yelp_31787+zomato_8773,0.625
zomato_4501+yelp_12999,0.625
yelp_42423+zomato_8054,0.625
yelp_30373+zomato_1180,0.625
zomato_20504+yelp_1099,0.625
zomato_1241+yelp_9040,0.625
yelp_44231+zomato_4524,0.625
zomato_16006+yelp_31836,0.625
zomato_8936+yelp_28267,0.625
zomato_15758+yelp_45049,0.625
yelp_23238+zomato_6140,0.625
zomato_15967+yelp_27953,0.625
zomato_5480+yelp_56002,0.625
zomato_18329+yelp_15655,0.625
zomato_4785+yelp_19308,0.625
zomato_8886+yelp_3112,0.625
zomato_1169+yelp_15263,0.625
yelp_16957+zomato_17730,0.625
yelp_24101+zomato_8895,0.625
yelp_4777+zomato_10815,0.625
yelp_695+zomato_15993,0.625
zomato_1165+yelp_47375,0.625
zomato_7952+yelp_6450,0.625
zomato_5335+yelp_4061,0.625
zomato_5114+yelp_31752,0.625
yelp_43363+zomato_14119,0.625
yelp_43781+zomato_4541,0.625
zomato_2225+yelp_46393,0.625
zomato_17780+yelp_24980,0.625
yelp_43190+zomato_1628,0.625
yelp_35565+zomato_14318,0.625
zomato_14563+yelp_52373,0.625
zomato_8775+yelp_28503,0.625
yelp_43263+zomato_14324,0.625
zomato_17825+yelp_47034,0.625
zomato_8859+yelp_40279,0.625
zomato_17682+yelp_40369,0.625
yelp_41714+zomato_3760,0.625
yelp_43148+zomato_5550,0.625
zomato_10199+yelp_16089,0.625
zomato_9524+yelp_56954,0.625
zomato_1932+yelp_45879,0.625
yelp_8218+zomato_6131,0.625
schemaOrg_3226+schemaOrg_3433+zomato_1858+schemaOrg_3514,0.6428571428571429
yelp_1981+zomato_14128+yelp_18510+zomato_14133,0.6458333333333333
yelp_4228+yelp_6316+yelp_17953+zomato_16523,0.65625
zomato_14061+yelp_14643+yelp_31510+yelp_35293+zomato_14076+yelp_12837,0.6666666666666666
zomato_20766+yelp_23723+yelp_55452,0.6666666666666666
yelp_29411+zomato_19159+zomato_19181,0.6666666666666666
yelp_28549+yelp_43443+zomato_14142,0.6666666666666666
zomato_4540+yelp_28784+yelp_19922,0.6666666666666667
yelp_20186+yelp_11850+yelp_6856+yelp_34369+zomato_1068+yelp_41973+yelp_55960+yelp_30070,0.6875
schemaOrg_3655+zomato_321+zomato_951+zomato_1959,0.6904761904761905
yelp_8009+zomato_13549+yelp_590+yelp_9993+zomato_13311,0.7
schemaOrg_1895+zomato_19989+yelp_28373,0.7083333333333333
zomato_1284+zomato_1211+yelp_41269,0.7083333333333333
zomato_13304+zomato_13327+yelp_32344+zomato_13570+yelp_26528+zomato_13542,0.7083333333333333
zomato_20382+schemaOrg_1851+yelp_1334,0.7083333333333334
schemaOrg_29+zomato_7360,0.7142857142857143
zomato_8901+yelp_22668,0.7142857142857143
yelp_25394+zomato_1749,0.7142857142857143
zomato_14559+yelp_35611,0.7142857142857143
zomato_1251+yelp_44546,0.7142857142857143
yelp_45771+zomato_18418,0.7142857142857143
zomato_1079+yelp_11375,0.7142857142857143
zomato_20725+yelp_47702,0.7142857142857143
yelp_7704+zomato_14141,0.7142857142857143
schemaOrg_5406+zomato_457,0.7142857142857143
schemaOrg_3577+zomato_1795,0.7142857142857143
zomato_3023+yelp_13336,0.7142857142857143
zomato_7968+yelp_14222,0.7142857142857143
zomato_13819+yelp_6267,0.7142857142857143
zomato_783+yelp_51226+zomato_785+zomato_768,0.7142857142857143
zomato_19907+yelp_43170,0.7142857142857143
schemaOrg_262+zomato_7068,0.7142857142857143
zomato_14392+yelp_50973,0.7142857142857143
zomato_19905+yelp_55091,0.7142857142857143
yelp_10376+zomato_3066,0.7142857142857143
zomato_8852+yelp_24282,0.7142857142857143
yelp_49667+zomato_2935+yelp_7644,0.7142857142857143
zomato_15419+yelp_23783,0.7142857142857143
zomato_7405+schemaOrg_16,0.7142857142857143
zomato_17381+yelp_45316,0.7142857142857143
yelp_28870+zomato_5450,0.7142857142857143
yelp_7637+zomato_16036,0.7142857142857143
yelp_27380+zomato_8786,0.7142857142857143
zomato_11+schemaOrg_3085,0.7142857142857143
zomato_4617+yelp_33734,0.7142857142857143
zomato_8756+yelp_3179,0.7142857142857143
schemaOrg_93+zomato_7697,0.7142857142857143
yelp_51279+zomato_4418,0.7142857142857143
yelp_2798+zomato_20757,0.7142857142857143
yelp_33166+yelp_27687+zomato_14085+yelp_12151+yelp_702,0.7142857142857143
zomato_7766+schemaOrg_245,0.7142857142857143
yelp_10161+zomato_20774,0.7142857142857143
zomato_1176+yelp_27289,0.7142857142857143
yelp_32111+zomato_17939,0.7142857142857143
zomato_2964+yelp_29863,0.7142857142857143
schemaOrg_3479+zomato_1123,0.7142857142857143
zomato_9514+yelp_9772,0.7142857142857143
zomato_17783+yelp_835,0.7142857142857143
schemaOrg_3138+zomato_459,0.7142857142857143
yelp_1225+zomato_5605,0.7142857142857143
yelp_4665+zomato_2714+zomato_2209,0.7142857142857143
zomato_3106+yelp_52430,0.7142857142857143
yelp_28188+zomato_2925,0.7142857142857143
schemaOrg_2960+zomato_1849,0.7142857142857143
zomato_20429+yelp_9532,0.7142857142857143
zomato_10280+yelp_27695,0.7142857142857143
zomato_2098+yelp_52865,0.7142857142857143
zomato_17703+yelp_25552,0.7142857142857143
yelp_35913+zomato_2948,0.7142857142857143
zomato_1061+yelp_35990,0.7142857142857143
yelp_34777+zomato_2555,0.7142857142857143
yelp_24545+zomato_14073,0.7142857142857143
yelp_38623+zomato_5595,0.7142857142857143
schemaOrg_94+zomato_7778,0.7142857142857143
yelp_25942+yelp_42989+zomato_456+zomato_432,0.71875
yelp_51810+zomato_1099+yelp_1271+yelp_55087,0.7380952380952381
schemaOrg_3401+zomato_1056+zomato_73+zomato_1836,0.7380952380952381
yelp_15637+zomato_8759,0.75
yelp_19345+zomato_8807,0.75
yelp_18586+zomato_14591,0.75
zomato_20457+yelp_11172,0.75
yelp_32429+zomato_6065,0.75
yelp_36977+zomato_2476,0.75
zomato_5529+yelp_25221,0.75
zomato_2556+yelp_55688,0.75
yelp_15129+zomato_5558,0.75
zomato_17870+yelp_16462,0.75
zomato_5552+yelp_23256,0.75
yelp_52757+zomato_440,0.75
zomato_19508+yelp_30973,0.75
yelp_46714+zomato_13422,0.75
yelp_41469+zomato_204,0.75
zomato_17857+yelp_56894,0.75
yelp_35551+zomato_2999,0.75
zomato_20727+yelp_44094,0.75
zomato_14347+yelp_11199,0.75
zomato_3027+yelp_42503,0.75
yelp_13232+zomato_13881,0.75
yelp_6849+zomato_448,0.75
yelp_44325+zomato_17401,0.75
zomato_2497+yelp_35134,0.75
zomato_3037+yelp_35084,0.75
yelp_43164+yelp_8170+yelp_3184+yelp_27167+zomato_14135+zomato_14103+yelp_23923,0.75
zomato_2522+yelp_42179,0.75
zomato_6122+yelp_3894,0.75
zomato_3077+yelp_38031+yelp_51591,0.75
zomato_17726+yelp_38177,0.75
yelp_10141+zomato_3828,0.75
zomato_9513+yelp_46757,0.75
zomato_10203+yelp_33729,0.75
yelp_46215+zomato_3769,0.75
zomato_1189+yelp_39783,0.75
zomato_1086+yelp_48063,0.75
zomato_1374+yelp_3387,0.75
zomato_13849+yelp_42482,0.75
zomato_8913+yelp_8065,0.75
yelp_51069+zomato_9400,0.75
zomato_10619+yelp_32883,0.75
zomato_17781+yelp_5406,0.75
zomato_1288+yelp_41126,0.75
zomato_14739+yelp_42681,0.75
yelp_2488+zomato_1233,0.75
zomato_5534+yelp_39827,0.75
zomato_10226+yelp_12905,0.75
yelp_35026+zomato_5363,0.75
yelp_1836+zomato_5583,0.75
zomato_15866+yelp_8754,0.75
zomato_3090+yelp_4851,0.75
yelp_14723+zomato_10275,0.75
yelp_46600+zomato_3030,0.75
yelp_32455+zomato_4481,0.75
zomato_471+yelp_51028,0.75
yelp_28847+zomato_6478,0.75
yelp_10322+zomato_10192,0.75
yelp_32165+zomato_89,0.75
yelp_7549+zomato_5603,0.75
zomato_8749+yelp_50495,0.75
yelp_46651+zomato_1265,0.75
yelp_3038+zomato_8797,0.75
zomato_1275+yelp_10924,0.75
zomato_5541+yelp_26272,0.75
yelp_20045+zomato_9812,0.75
zomato_5553+yelp_42441,0.75
zomato_1242+yelp_29561,0.75
yelp_11346+zomato_14581,0.75
zomato_5644+yelp_52585,0.75
yelp_24133+zomato_15983,0.75
zomato_20511+yelp_18639,0.75
yelp_19125+zomato_7079,0.75
zomato_418+yelp_48182,0.75
yelp_15820+yelp_23395+zomato_14123,0.75
zomato_6145+yelp_55871,0.75
zomato_17851+yelp_32250,0.75
zomato_14561+yelp_15927,0.75
yelp_52658+zomato_10257,0.75
zomato_4423+yelp_41077,0.75
yelp_51898+zomato_20495,0.75
zomato_5017+yelp_9940,0.75
yelp_35235+yelp_242+zomato_3128,0.75
zomato_20460+yelp_44854,0.75
zomato_1152+yelp_751,0.75
zomato_14315+yelp_48860,0.75
zomato_4531+yelp_50899,0.75
yelp_970+zomato_5439,0.75
zomato_2436+yelp_51372,0.75
zomato_6182+yelp_31538,0.75
yelp_19556+zomato_13244,0.75
yelp_23474+zomato_1414,0.75
yelp_2224+zomato_13815,0.75
yelp_16771+zomato_6178,0.75
zomato_9338+yelp_25870,0.75
zomato_3183+yelp_41309,0.75
zomato_4597+yelp_13107,0.75
zomato_5586+yelp_28915,0.75
zomato_4528+yelp_51361,0.75
zomato_772+yelp_12858,0.75
yelp_47587+zomato_13386,0.75
zomato_1159+yelp_36659,0.75
yelp_38229+zomato_1188,0.75
yelp_19021+zomato_1249,0.75
zomato_20702+yelp_19478,0.75
zomato_8737+yelp_20971,0.75
zomato_5399+yelp_51809,0.75
zomato_5297+yelp_56100+yelp_36097,0.75
zomato_4518+yelp_24933,0.75
yelp_35620+zomato_1124,0.75
zomato_4478+yelp_43978,0.75
zomato_5506+yelp_1386,0.75
zomato_3117+yelp_42331,0.75
yelp_30086+zomato_20348,0.75
zomato_20512+yelp_48939,0.75
zomato_4881+yelp_39536+zomato_3811,0.75
yelp_36435+zomato_7394,0.75
yelp_34612+zomato_2525,0.75
zomato_5401+yelp_29266,0.75
yelp_10445+zomato_13366,0.75
zomato_19507+yelp_622,0.75
zomato_13869+yelp_54782,0.75
zomato_7994+yelp_6462,0.75
zomato_3088+yelp_39288,0.75
zomato_3574+yelp_48415,0.75
yelp_34227+zomato_10332,0.75
zomato_5407+yelp_28395,0.75
zomato_6108+yelp_45930,0.75
zomato_14942+yelp_27494,0.75
yelp_15215+zomato_16047,0.75
zomato_4909+yelp_39003,0.75
yelp_56087+zomato_6164,0.75
zomato_8758+yelp_31343,0.75
zomato_9348+yelp_39573,0.75
yelp_42025+zomato_8873,0.75
zomato_10341+yelp_18637,0.75
zomato_20493+yelp_46060,0.75
zomato_3091+yelp_56941,0.75
yelp_39457+zomato_19495,0.75
zomato_13679+yelp_19393,0.75
zomato_2176+yelp_16470,0.75
zomato_5477+yelp_46171,0.75
zomato_5726+yelp_41690,0.75
zomato_9786+yelp_10348,0.75
yelp_27438+zomato_2989,0.75
zomato_1221+yelp_48014,0.75
zomato_20709+yelp_28212,0.75
yelp_48595+zomato_17358,0.75
yelp_1685+zomato_17745,0.75
zomato_5455+yelp_1075,0.75
zomato_2552+yelp_21780,0.75
yelp_37685+zomato_17832,0.75
yelp_10253+zomato_19888,0.75
zomato_4498+yelp_51305,0.75
zomato_5475+yelp_22395,0.75
yelp_56186+zomato_15869,0.75
zomato_2474+yelp_30799,0.75
yelp_42833+zomato_2489,0.75
yelp_56319+zomato_1599,0.75
zomato_9369+yelp_33643,0.75
zomato_5561+yelp_38906,0.75
yelp_11461+zomato_3062,0.75
zomato_20375+yelp_15051,0.75
yelp_11575+zomato_10381,0.75
zomato_10339+yelp_9059,0.75
yelp_27544+zomato_5039,0.75
yelp_11918+zomato_13246,0.75
yelp_32953+zomato_8781,0.75
yelp_10862+zomato_17945,0.75
zomato_3123+yelp_38467,0.75
zomato_8789+yelp_17251,0.75
yelp_23403+zomato_5512,0.75
yelp_43846+zomato_5461,0.75
yelp_37416+zomato_10258,0.75
yelp_7592+zomato_5482,0.75
zomato_5547+yelp_31759,0.75
yelp_6918+zomato_5483,0.75
yelp_19853+zomato_2216,0.75
zomato_15349+yelp_36314,0.75
yelp_34198+zomato_5615,0.75
yelp_42383+zomato_1194,0.75
yelp_45333+zomato_9251,0.75
zomato_2322+yelp_26104,0.75
zomato_5555+yelp_1337,0.75
yelp_41288+zomato_1195,0.75
yelp_26563+zomato_2480,0.75
yelp_19257+zomato_1714,0.75
zomato_5456+yelp_51584,0.75
yelp_17745+zomato_3087,0.75
zomato_13435+yelp_21947,0.75
yelp_19561+zomato_4549,0.75
zomato_3755+yelp_19973,0.75
yelp_13860+zomato_3943,0.75
yelp_1255+zomato_4513,0.75
yelp_15191+zomato_5465,0.75
yelp_50187+yelp_14428+zomato_1095,0.75
yelp_32870+zomato_5757,0.75
yelp_53516+zomato_1299,0.75
zomato_6401+yelp_2822,0.75
yelp_12491+zomato_15357,0.75
yelp_26535+zomato_1121,0.75
yelp_15549+zomato_15399,0.75
yelp_13456+zomato_5424,0.75
zomato_13440+yelp_11629,0.75
zomato_2297+yelp_53685,0.75
zomato_10265+yelp_37109,0.75
yelp_13373+zomato_15952,0.75
zomato_20448+yelp_13923,0.75
yelp_42207+zomato_8888,0.75
yelp_13080+zomato_20478,0.75
yelp_27626+zomato_7415,0.75
zomato_9306+yelp_55556,0.75
yelp_43820+zomato_3130,0.75
zomato_5588+yelp_4580,0.75
yelp_22952+zomato_3076,0.75
yelp_6568+zomato_8411,0.75
zomato_2303+yelp_5984,0.75
zomato_5585+yelp_2074,0.75
yelp_43478+zomato_2218,0.75
yelp_40349+zomato_13818,0.75
yelp_11864+zomato_14185,0.75
zomato_15969+yelp_3298,0.75
yelp_9132+zomato_5470,0.75
yelp_14643+yelp_35293+zomato_14076+yelp_12837,0.75
yelp_19549+zomato_10377,0.75
zomato_1053+yelp_55074,0.75
zomato_4993+yelp_31460,0.75
zomato_3067+yelp_15674,0.75
zomato_5326+yelp_12043,0.75
zomato_17817+yelp_51958,0.75
zomato_7976+yelp_30443,0.75
yelp_13259+zomato_13845,0.75
yelp_49974+zomato_3125,0.75
yelp_37520+zomato_2174,0.75
yelp_38345+zomato_17690,0.75
yelp_23896+zomato_5060,0.75
zomato_1256+yelp_45294,0.75
yelp_43640+zomato_8808,0.75
yelp_45556+zomato_1181,0.75
zomato_6073+yelp_27958,0.75
yelp_47693+zomato_5362,0.75
yelp_6273+zomato_5436,0.75
yelp_49411+zomato_2921,0.75
yelp_1333+zomato_1253,0.75
zomato_17323+yelp_28031,0.75
zomato_9315+yelp_15213,0.75
yelp_14890+zomato_17742,0.75
yelp_43664+zomato_3129,0.75
zomato_8751+yelp_47562,0.75
zomato_1359+yelp_20903,0.75
zomato_2742+yelp_54686,0.75
yelp_28858+zomato_5446,0.75
zomato_8801+yelp_41146,0.75
zomato_5411+yelp_47761,0.75
zomato_5565+yelp_9922,0.75
yelp_4184+zomato_14213,0.75
yelp_33343+zomato_8477,0.75
yelp_32252+zomato_5040,0.75
zomato_17728+yelp_40485,0.75
zomato_7966+yelp_45170,0.75
zomato_2543+yelp_22885,0.75
yelp_24563+zomato_17885,0.75
zomato_2473+zomato_2541+yelp_17317,0.75
zomato_3771+yelp_41045,0.75
yelp_19451+zomato_20422,0.75
yelp_49943+zomato_4416,0.75
zomato_2987+yelp_53220,0.75
zomato_8847+yelp_6681,0.75
zomato_5392+yelp_2903,0.75
zomato_3735+yelp_32491,0.75
yelp_10884+zomato_17680,0.75
yelp_1510+zomato_4581,0.75
zomato_1290+yelp_40292,0.75
zomato_9784+yelp_25078,0.75
zomato_7996+yelp_37150,0.75
zomato_14568+yelp_48136,0.75
zomato_3776+yelp_43229,0.75
zomato_20517+yelp_53501,0.75
yelp_54198+zomato_36,0.75
zomato_17859+yelp_5743,0.75
zomato_20758+yelp_30747,0.75
yelp_8671+zomato_3072,0.75
zomato_1137+yelp_11360,0.75
yelp_50865+zomato_4510,0.75
zomato_1178+yelp_55247,0.75
yelp_10686+zomato_15889,0.75
zomato_9639+yelp_41477+zomato_9102,0.7619047619047619
zomato_20780+yelp_22945+yelp_19591,0.7619047619047619
zomato_1163+zomato_298+yelp_56611+zomato_1207+schemaOrg_3193,0.7625
yelp_33595+zomato_14139+yelp_32603+yelp_36571+yelp_28064+yelp_45817,0.7708333333333334
yelp_8615+zomato_13535+zomato_13349+zomato_13328+zomato_13573,0.775
yelp_7563+zomato_14188+zomato_14551,0.7916666666666666
zomato_14528+yelp_55770+zomato_15115,0.7916666666666666
zomato_18022+yelp_33147+zomato_14287,0.7916666666666666
zomato_3445+zomato_2524+yelp_53860,0.7916666666666666
zomato_16617+zomato_14674+yelp_53519,0.7916666666666666
zomato_294+yelp_34192+zomato_1204,0.7916666666666666
zomato_14798+yelp_41433+zomato_17755,0.7916666666666666
yelp_54747+yelp_4493+zomato_2519,0.7916666666666666
zomato_6512+zomato_4409+yelp_35184,0.7916666666666666
yelp_34699+zomato_18013+zomato_14279,0.7916666666666666
zomato_14822+yelp_17218+zomato_17782,0.7916666666666666
schemaOrg_165+zomato_7431+yelp_37373,0.7916666666666666
yelp_54538+zomato_17091+zomato_15333,0.7916666666666666
zomato_14816+yelp_46614+zomato_17763,0.7916666666666666
zomato_9628+yelp_55381+zomato_9058,0.8095238095238094
zomato_14285+zomato_18019+yelp_32813,0.8095238095238094
yelp_1328+yelp_25803+zomato_14126,0.8095238095238094
yelp_47157+zomato_16640+zomato_14698,0.8095238095238094
zomato_1146+yelp_19554+yelp_43557,0.8095238095238094
yelp_44461+zomato_18385+zomato_17394,0.8095238095238094
zomato_340+zomato_1226+yelp_11949,0.8095238095238095
zomato_14092+yelp_24849+zomato_14143,0.8095238095238095
yelp_33451+zomato_3059+yelp_10325,0.8095238095238095
zomato_9634+yelp_49173+zomato_9100,0.8095238095238095
yelp_22103+yelp_6871+zomato_20767,0.8095238095238095
zomato_17036+yelp_3130+zomato_15278,0.8095238095238095
zomato_16416+zomato_16107+yelp_35715+zomato_15686,0.8214285714285714
zomato_15981+yelp_47109+zomato_15355,0.8333333333333333
zomato_9479+yelp_30035+zomato_8833,0.8333333333333333
zomato_17328+yelp_31449+zomato_17688,0.8333333333333333
schemaOrg_1850+zomato_20384+yelp_49993,0.8333333333333333
zomato_17617+zomato_15383+yelp_24400,0.8333333333333333
zomato_4803+zomato_5607+yelp_18548,0.8333333333333333
yelp_47343+zomato_20291+schemaOrg_1906,0.8333333333333333
zomato_20383+zomato_19882+yelp_55512,0.8333333333333333
zomato_17670+yelp_46290+zomato_17316,0.8333333333333333
zomato_15404+zomato_14391+yelp_22718,0.8333333333333333
yelp_4183+zomato_16221+zomato_18106,0.8333333333333333
zomato_15361+zomato_17444+yelp_3188,0.8333333333333333
yelp_29956+zomato_15131+zomato_14542,0.8333333333333333
yelp_25981+yelp_18776+zomato_20762,0.8333333333333334
zomato_1687+zomato_446+yelp_24758,0.8333333333333334
yelp_42834+zomato_15367+zomato_16004,0.8333333333333334
zomato_1644+zomato_1294+yelp_44140,0.8333333333333334
zomato_9107+yelp_42461+zomato_9650,0.8333333333333334
zomato_19981+yelp_18138+zomato_19311,0.8333333333333334
yelp_22791+zomato_66+zomato_1636,0.8333333333333334
zomato_7136+schemaOrg_2+zomato_8543,0.8571428571428571
zomato_14402+yelp_16400+zomato_15411,0.8571428571428571
zomato_14249+zomato_17984+yelp_55808,0.8571428571428571
yelp_47370+zomato_1041,0.8571428571428571
schemaOrg_72+zomato_8547+zomato_7142,0.8571428571428571
schemaOrg_3187+zomato_1832+zomato_64,0.8571428571428571
yelp_20565+zomato_8926,0.8571428571428571
yelp_35224+zomato_7985,0.8571428571428571
zomato_386+schemaOrg_3592+zomato_1776,0.8571428571428571
zomato_13579+yelp_6464+zomato_13361,0.8571428571428571
zomato_6523+zomato_4447+yelp_45325,0.8571428571428571
schemaOrg_3258+zomato_1642+zomato_1867,0.8571428571428571
zomato_392+schemaOrg_3343+zomato_1874,0.8571428571428571
yelp_1500+zomato_13397,0.8571428571428571
zomato_19925+schemaOrg_1803+zomato_20289,0.8571428571428571
zomato_14314+yelp_49823+zomato_18049,0.8571428571428571
zomato_8537+schemaOrg_196+zomato_7125,0.8571428571428571
zomato_13524+yelp_47371+zomato_13289,0.8571428571428571
zomato_3820+yelp_6079,0.8571428571428571
yelp_12036+zomato_6495,0.8571428571428571
yelp_21841+zomato_20438,0.8571428571428571
yelp_15218+zomato_2994,0.8571428571428571
zomato_510+yelp_20804,0.8571428571428571
schemaOrg_3632+zomato_1834+zomato_67,0.8571428571428571
yelp_5646+zomato_17262+zomato_14472,0.8571428571428571
yelp_14341+zomato_1052,0.8571428571428571
yelp_52169+zomato_3096,0.8571428571428571
zomato_16494+yelp_25396+zomato_17711,0.8571428571428571
yelp_33777+zomato_9522,0.8571428571428571
schemaOrg_173+zomato_7795+zomato_8394,0.8571428571428571
zomato_1686+schemaOrg_2914+zomato_953,0.8571428571428571
zomato_2213+yelp_54681,0.8571428571428571
schemaOrg_3202+zomato_93+zomato_1847,0.8571428571428571
zomato_1186+yelp_38141,0.8571428571428571
zomato_14087+yelp_19844+yelp_36373,0.8571428571428571
yelp_34857+zomato_9135+zomato_9670,0.8571428571428571
schemaOrg_3522+zomato_1840+zomato_79,0.8571428571428571
schemaOrg_1847+zomato_20203+zomato_19510,0.8571428571428571
zomato_15098+zomato_14177+yelp_1021+zomato_14520,0.8571428571428571
yelp_30162+zomato_2957,0.8571428571428571
schemaOrg_175+zomato_7378+zomato_8489,0.8571428571428571
yelp_39867+zomato_2557,0.8571428571428571
zomato_7139+zomato_8545+schemaOrg_128,0.8571428571428571
schemaOrg_172+zomato_7159+zomato_8552,0.8571428571428571
zomato_1972+zomato_974+schemaOrg_3219,0.8571428571428571
schemaOrg_1909+zomato_20218+zomato_19465,0.8571428571428571
yelp_10784+zomato_20352,0.8571428571428571
zomato_2980+yelp_33358,0.8571428571428571
zomato_7446+yelp_56645,0.8571428571428571
zomato_20451+yelp_52005,0.8571428571428571
zomato_7786+schemaOrg_91+zomato_8494,0.8571428571428571
yelp_18274+zomato_18011+zomato_14277,0.8571428571428571
zomato_284+zomato_1403+schemaOrg_3618,0.8571428571428571
zomato_1680+schemaOrg_3115+zomato_1949+zomato_652,0.8571428571428571
zomato_485+yelp_56568,0.8571428571428571
zomato_4454+yelp_21327,0.875
zomato_1158+yelp_5086,0.875
zomato_7498+yelp_12668,0.875
yelp_577+zomato_413,0.875
zomato_3201+yelp_38777,0.875
yelp_45291+zomato_1283,0.875
zomato_3770+yelp_31854,0.875
yelp_20467+zomato_20772,0.875
zomato_3049+yelp_12922,0.875
zomato_14527+yelp_28864+zomato_15112,0.875
zomato_5557+yelp_19637,0.875
yelp_33010+zomato_7946,0.875
zomato_3178+yelp_51333,0.875
yelp_34432+zomato_13846,0.875
zomato_7389+zomato_8487+yelp_1939,0.875
zomato_1126+yelp_3463,0.875
yelp_9892+zomato_10193+zomato_10290,0.875
zomato_5566+yelp_24745,0.875
zomato_14251+zomato_17991+yelp_16030,0.875
yelp_7889+zomato_3053,0.875
yelp_39720+zomato_1192,0.875
yelp_9430+zomato_13879+zomato_13431,0.875
zomato_3763+yelp_10980,0.875
zomato_7105+yelp_33701,0.875
zomato_14999+yelp_41336+zomato_16785,0.875
zomato_5577+yelp_7593,0.875
yelp_56458+zomato_3061,0.875
zomato_7103+yelp_81,0.875
yelp_51071+zomato_19524,0.875
zomato_5498+yelp_41822,0.875
yelp_4896+zomato_422,0.875
zomato_2484+yelp_53810,0.875
zomato_9799+zomato_8904+yelp_28594,0.875
zomato_1205+yelp_15295,0.875
yelp_55471+zomato_9392+zomato_9365,0.875
yelp_26612+zomato_4459,0.875
zomato_17959+zomato_14224+yelp_51937,0.875
zomato_3080+yelp_33308,0.875
zomato_2972+yelp_55387,0.875
zomato_1191+yelp_37706,0.875
yelp_15230+zomato_427,0.875
zomato_5573+yelp_11249,0.875
yelp_23763+zomato_9161+zomato_9478,0.875
yelp_51027+zomato_55,0.875
yelp_31782+zomato_16020,0.875
zomato_790+yelp_39378,0.875
zomato_4104+yelp_56556,0.875
yelp_50663+zomato_2348+zomato_3196,0.875
yelp_4106+zomato_1234+zomato_362,0.875
zomato_4548+yelp_9625,0.875
zomato_3793+yelp_35434+zomato_4846,0.875
zomato_10195+yelp_47911,0.875
zomato_4840+yelp_41108,0.875
zomato_5497+yelp_3844,0.875
zomato_5752+yelp_16945,0.875
yelp_24722+zomato_3035,0.875
zomato_15378+yelp_3244,0.875
yelp_42884+zomato_20399,0.875
zomato_5419+yelp_44601,0.875
zomato_1646+yelp_46099,0.875
zomato_13677+yelp_19036,0.875
zomato_17253+yelp_16434+zomato_14463+zomato_15148,0.875
yelp_14114+zomato_1151,0.875
zomato_1266+yelp_1436,0.875
yelp_38511+zomato_433,0.875
zomato_1166+yelp_32108,0.875
zomato_4377+yelp_28756+zomato_5519,0.875
yelp_49714+zomato_5637,0.875
zomato_14954+yelp_10083+zomato_17544,0.875
zomato_2982+yelp_19219,0.875
zomato_3374+yelp_40683,0.875
yelp_14892+zomato_17338+zomato_17698,0.875
yelp_50552+zomato_2005,0.875
yelp_40800+zomato_6106,0.875
zomato_19896+yelp_3674,0.875
zomato_4520+yelp_50762,0.875
zomato_1157+yelp_13046,0.875
zomato_16012+yelp_44195,0.875
yelp_18155+zomato_19963,0.875
yelp_29062+zomato_20011+zomato_20380+zomato_19338,0.875
yelp_53538+zomato_1193,0.875
yelp_28051+zomato_3754,0.875
zomato_20739+yelp_5733,0.875
zomato_2962+yelp_37164,0.875
yelp_25734+zomato_8151,0.875
yelp_33937+zomato_1060,0.875
yelp_56485+zomato_2492,0.875
yelp_35683+zomato_4492,0.875
zomato_5526+yelp_13219,0.875
zomato_5513+yelp_40361,0.875
yelp_2019+zomato_1293,0.875
zomato_1771+zomato_397+yelp_44247,0.875
yelp_31792+zomato_2163,0.875
zomato_4530+yelp_29139,0.875
yelp_1884+zomato_20498,0.875
zomato_1232+yelp_12140+zomato_356,0.875
yelp_44704+zomato_2517,0.875
yelp_21251+zomato_1281,0.875
zomato_5420+yelp_17315,0.875
yelp_42429+zomato_14291+zomato_18026,0.875
yelp_36641+zomato_7950,0.875
yelp_2380+zomato_1291,0.875
yelp_32134+zomato_20356,0.875
zomato_9789+yelp_52696,0.875
zomato_15916+yelp_45799,0.875
yelp_2667+zomato_1090,0.875
zomato_13826+yelp_12475,0.875
yelp_18320+zomato_8455,0.875
yelp_12479+zomato_13251,0.875
zomato_13523+yelp_26337+zomato_13287,0.875
zomato_1168+yelp_34048,0.875
yelp_27465+zomato_3173,0.875
zomato_3110+zomato_2444+yelp_16732,0.875
yelp_30584+zomato_3348,0.875
yelp_47090+zomato_13680,0.875
yelp_7330+zomato_20400,0.875
zomato_7721+yelp_23648,0.875
zomato_2494+zomato_3399+yelp_8139,0.875
yelp_35622+zomato_32+zomato_625,0.875
zomato_9613+yelp_11925+zomato_9089,0.875
zomato_19341+yelp_52997,0.875
zomato_6113+yelp_26343,0.875
yelp_3855+zomato_5562,0.875
zomato_1252+yelp_31498,0.875
yelp_3327+zomato_6193,0.875
zomato_9239+yelp_52623+zomato_8739,0.875
zomato_9109+yelp_22736+zomato_9592,0.875
zomato_3768+yelp_47340,0.875
zomato_5479+yelp_15396,0.875
yelp_32931+zomato_2502,0.875
zomato_1267+yelp_46214,0.875
zomato_1372+yelp_27324,0.875
yelp_56757+zomato_2548,0.875
zomato_5442+yelp_23270,0.875
yelp_24560+zomato_6123,0.875
zomato_19969+yelp_2164,0.875
yelp_21963+zomato_5099,0.875
zomato_1353+yelp_44410,0.875
zomato_18336+yelp_55709,0.875
zomato_17757+yelp_19951+zomato_14796,0.875
yelp_43044+zomato_5426,0.875
yelp_10398+zomato_3044,0.875
zomato_1197+yelp_31871,0.875
zomato_1257+yelp_48260,0.875
zomato_3752+yelp_21092,0.875
zomato_4477+yelp_11423,0.875
zomato_14512+zomato_17301+yelp_5917+zomato_14453,0.875
zomato_19958+zomato_19291+yelp_39451,0.875
yelp_50070+zomato_4457,0.875
yelp_28896+zomato_13682,0.875
yelp_13844+zomato_748,0.875
yelp_41521+zomato_4473,0.875
yelp_5953+zomato_1696+zomato_455,0.875
zomato_13903+yelp_51077,0.875
zomato_14303+yelp_16724+zomato_18038,0.875
zomato_14802+yelp_20628+zomato_17655,0.875
zomato_4321+zomato_5514+yelp_32530,0.875
yelp_20113+zomato_17242+zomato_16366,0.875
zomato_4534+yelp_3549,0.875
yelp_50997+zomato_20506,0.875
yelp_45430+zomato_4467,0.875
zomato_4031+yelp_11834,0.875
zomato_475+yelp_53297,0.875
yelp_48+zomato_5721,0.875
zomato_1695+zomato_451+yelp_36846,0.875
zomato_7490+yelp_44047,0.875
yelp_19857+zomato_3738,0.875
yelp_29350+zomato_5054,0.875
yelp_15978+zomato_8053,0.875
zomato_7+yelp_50192,0.875
zomato_3102+yelp_46521,0.875
zomato_14260+zomato_17993+yelp_10537,0.875
yelp_23226+zomato_5551,0.875
yelp_34342+zomato_6176,0.875
zomato_14600+zomato_15132+yelp_3133,0.875
zomato_15749+zomato_14761+yelp_31095,0.875
zomato_20462+yelp_57119,0.875
yelp_48492+zomato_1381,0.875
yelp_43583+zomato_3589,0.875
zomato_18012+yelp_37407+zomato_14278,0.875
yelp_38702+zomato_450,0.875
zomato_8339+yelp_3193+zomato_7124,0.875
zomato_20502+yelp_96,0.875
yelp_50841+zomato_6749,0.875
yelp_48720+zomato_14828+zomato_17794+zomato_17676,0.875
zomato_3813+yelp_44988,0.875
yelp_49526+zomato_15151+zomato_14553,0.875
yelp_19189+zomato_18048+zomato_14313,0.875
yelp_46388+zomato_13320+zomato_13565,0.875
yelp_30161+zomato_20712,0.875
zomato_10221+yelp_47605,0.875
zomato_13843+yelp_52863,0.875
zomato_10375+yelp_2925+zomato_9367+zomato_9983,0.875
zomato_17758+yelp_14510+zomato_14797,0.875
yelp_54321+zomato_13554+zomato_13312,0.875
yelp_47963+zomato_19956,0.875
yelp_6005+zomato_13950,0.875
zomato_1164+yelp_5096,0.875
zomato_1741+yelp_34061,0.875
zomato_2539+yelp_15084,0.875
zomato_2469+yelp_37707,0.875
zomato_3081+yelp_48000,0.875
yelp_44836+zomato_8374,0.875
yelp_47732+zomato_17981+zomato_14246,0.875
zomato_1103+yelp_13075,0.875
zomato_1114+yelp_18911,0.875
zomato_1190+yelp_12174,0.875
zomato_1143+yelp_39995,0.875
zomato_438+yelp_38804,0.875
yelp_28488+zomato_20298,0.875
yelp_29004+zomato_2678,0.875
zomato_5391+yelp_45934,0.875
zomato_1243+yelp_43682,0.875
zomato_3124+yelp_51061,0.875
zomato_1285+yelp_17902,0.875
zomato_2341+zomato_3192+yelp_49804,0.875
zomato_1262+yelp_15621,0.875
yelp_16239+zomato_20501,0.875
zomato_1106+yelp_17297,0.875
zomato_2984+yelp_635,0.875
yelp_20346+zomato_5681,0.875
zomato_5572+yelp_38470,0.875
zomato_9123+zomato_9652+yelp_13484,0.875
zomato_3777+yelp_50185,0.875
zomato_9783+yelp_46839,0.875
zomato_5564+yelp_189,0.875
zomato_13412+yelp_29424,0.875
yelp_55585+zomato_20454,0.875
zomato_14811+yelp_18960+zomato_17762,0.875
yelp_20960+zomato_19763,0.875
zomato_5556+yelp_52927,0.875
zomato_3025+yelp_28682,0.875
yelp_35553+zomato_3050,0.875
zomato_3731+yelp_20610,0.875
yelp_31165+zomato_5476,0.875
yelp_16820+zomato_5430,0.875
yelp_33330+zomato_2194,0.875
yelp_4437+zomato_9158,0.875
zomato_1354+yelp_282,0.875
zomato_4598+yelp_15543,0.875
yelp_44188+zomato_5051,0.875
zomato_7933+yelp_40553,0.875
yelp_48520+zomato_14074,0.875
zomato_13844+yelp_10143,0.875
zomato_6161+yelp_21957,0.875
zomato_791+yelp_54530,0.875
yelp_44731+zomato_5594,0.875
zomato_13304+yelp_32344,0.875
zomato_7346+yelp_25984,0.875
zomato_3079+yelp_37526,0.875
zomato_1397+yelp_2580,0.875
zomato_7471+yelp_20446+schemaOrg_109,0.875
yelp_17495+zomato_13673,0.875
zomato_2441+yelp_47829,0.875
yelp_50995+zomato_15154+zomato_17254+zomato_14464,0.8928571428571429
zomato_9626+zomato_8714+yelp_28401+zomato_9097,0.8928571428571429
yelp_2457+zomato_18021+zomato_14284,0.9047619047619048
zomato_9651+yelp_35928+zomato_9122,0.9047619047619048
zomato_2222+yelp_42208+zomato_2755,0.9047619047619048
zomato_13317+yelp_6352+zomato_13551,0.9047619047619048
yelp_27208+zomato_19451+zomato_20365,0.9047619047619048
schemaOrg_3287+zomato_1854+zomato_97,0.9047619047619048
zomato_15879+yelp_46740+zomato_16030,0.9047619047619048
zomato_20297+schemaOrg_1908+zomato_19749,0.9047619047619048
yelp_52603+zomato_9677+zomato_9141,0.9047619047619048
zomato_19968+zomato_20336+yelp_34628,0.9047619047619048
yelp_53419+zomato_9657+zomato_9125,0.9047619047619048
zomato_19470+zomato_20226+schemaOrg_1913,0.9047619047619048
zomato_14270+zomato_18003+yelp_51828,0.9047619047619048
zomato_17988+yelp_40028+zomato_14254,0.9047619047619048
yelp_20197+zomato_19541+zomato_20254,0.9047619047619048
zomato_13545+yelp_39490+zomato_13305+yelp_24332,0.90625
zomato_17026+zomato_15268+yelp_28175+zomato_17831,0.90625
zomato_20339+yelp_47832+zomato_19307+zomato_19975,0.90625
zomato_14655+yelp_10010+zomato_14210+zomato_16599,0.90625
zomato_10012+zomato_9160+yelp_4491+zomato_9477,0.90625
zomato_10177+zomato_9083+yelp_40934+zomato_9599,0.90625
yelp_45386+zomato_15277+zomato_17035,0.9166666666666666
yelp_50853+zomato_358+zomato_1228,0.9166666666666666
zomato_14226+zomato_17960+yelp_34969,0.9166666666666666
zomato_13544+zomato_13308+yelp_13869,0.9166666666666666
zomato_14536+yelp_31893+zomato_15061,0.9166666666666666
zomato_17958+yelp_1508+zomato_14222,0.9166666666666666
zomato_17956+yelp_17337+zomato_14225,0.9166666666666666
yelp_50532+zomato_17675+zomato_17324,0.9166666666666666
zomato_13580+yelp_40266+zomato_13333,0.9166666666666666
zomato_14216+yelp_18281+zomato_17951,0.9166666666666666
zomato_14538+yelp_14344+zomato_15124,0.9166666666666666
zomato_16570+yelp_47617+zomato_14157,0.9166666666666666
zomato_13513+yelp_6186+zomato_13278,0.9166666666666666
zomato_9182+zomato_8731+yelp_34634,0.9166666666666666
zomato_9802+zomato_10329+yelp_11045,0.9166666666666666
yelp_53956+zomato_13538+zomato_13301,0.9166666666666666
yelp_44792+zomato_16618+zomato_14676,0.9166666666666666
zomato_14787+zomato_17752+yelp_37063,0.9166666666666666
zomato_14262+zomato_17994+yelp_14924,0.9166666666666666
zomato_8415+zomato_7452+yelp_26937,0.9166666666666666
zomato_10217+yelp_5896+zomato_8829,0.9166666666666666
yelp_36687+zomato_2672+zomato_3010,0.9166666666666666
zomato_17751+yelp_47242+zomato_14786,0.9166666666666666
yelp_10388+zomato_20293+zomato_19928,0.9166666666666666
zomato_20629+zomato_20494+yelp_42116,0.9166666666666666
zomato_13522+zomato_13286+yelp_5399,0.9166666666666666
yelp_7903+zomato_4293+zomato_6171,0.9166666666666666
zomato_7384+zomato_8483+yelp_6972,0.9166666666666666
zomato_2488+yelp_36813+zomato_3394,0.9166666666666666
zomato_15106+yelp_48784+zomato_14526,0.9166666666666666
zomato_17968+zomato_14232+yelp_24172,0.9166666666666666
zomato_1729+zomato_489+yelp_55720,0.9166666666666666
zomato_13302+zomato_13539+yelp_32389,0.9166666666666666
zomato_1593+zomato_1410+yelp_44913,0.9166666666666666
zomato_8832+yelp_17356+zomato_10237,0.9166666666666666
zomato_17750+yelp_42231+zomato_14785,0.9166666666666666
zomato_13941+yelp_46630+zomato_13439,0.9166666666666666
yelp_13136+zomato_8164+zomato_7265,0.9166666666666666
zomato_13511+yelp_9317+zomato_13276,0.9166666666666666
yelp_18791+zomato_13290+zomato_13527,0.9166666666666666
yelp_3459+zomato_17992+zomato_14258,0.9166666666666666
zomato_13508+zomato_13274+yelp_20753,0.9166666666666666
yelp_36167+zomato_8166+zomato_7263,0.9166666666666666
zomato_17663+yelp_46848+zomato_17313,0.9166666666666666
zomato_9655+zomato_9108+yelp_33956,0.9166666666666666
yelp_135+zomato_18093+zomato_16208,0.9166666666666666
zomato_14227+yelp_53104+zomato_17962,0.9166666666666666
zomato_3363+zomato_2836+yelp_45828,0.9166666666666666
zomato_15910+yelp_25874+zomato_14805,0.9166666666666666
yelp_35089+zomato_19996+zomato_20342,0.9166666666666666
zomato_15118+zomato_14532+yelp_3266,0.9166666666666666
zomato_13596+zomato_13344+yelp_51482,0.9166666666666666
yelp_35674+zomato_20328+zomato_19960,0.9166666666666666
yelp_6394+zomato_15369+zomato_16007,0.9166666666666666
yelp_16559+zomato_19971+zomato_19305,0.9166666666666666
zomato_19534+yelp_42157+zomato_20239,0.9166666666666666
yelp_39851+zomato_17679+zomato_17325,0.9166666666666666
yelp_2727+zomato_1625+zomato_697,0.9166666666666666
zomato_3018+zomato_2677+yelp_45831,0.9166666666666666
zomato_1772+yelp_23222+zomato_400,0.9166666666666666
zomato_14292+zomato_18027+yelp_49861,0.9166666666666666
zomato_4410+zomato_6513+yelp_32858,0.9166666666666666
yelp_26558+zomato_19967+zomato_20334,0.9166666666666666
yelp_31297+zomato_14271+zomato_18004,0.9166666666666666
yelp_44818+zomato_2930+yelp_43797,0.9166666666666666
zomato_17405+zomato_14516+yelp_56045,0.9166666666666666
zomato_19308+yelp_18280+zomato_19977,0.9166666666666666
zomato_1220+yelp_56474+zomato_327,0.9166666666666666
yelp_28302+zomato_445+zomato_1689,0.9166666666666666
yelp_24056+zomato_323+zomato_1217,0.9166666666666666
yelp_49435+zomato_4888+zomato_4462,0.9166666666666666
zomato_504+yelp_16031+zomato_1739,0.9166666666666666
zomato_14219+yelp_8690+zomato_17954,0.9166666666666666
yelp_13536+zomato_7380+zomato_8481,0.9166666666666666
zomato_14523+yelp_26697+zomato_15102,0.9166666666666666
zomato_1683+zomato_439+yelp_47163,0.9166666666666666
zomato_13536+zomato_13296+yelp_23427,0.9166666666666666
yelp_49759+zomato_13548+zomato_13307,0.9166666666666666
zomato_17309+zomato_17658+zomato_14818+yelp_13817,0.9375
zomato_14810+zomato_17414+yelp_30756+zomato_17105,0.9375
zomato_19294+zomato_20329+yelp_36095+zomato_19961,0.9375
yelp_50850+zomato_19314+zomato_20357+zomato_19983,0.9375
zomato_14208+zomato_16586+yelp_18867+zomato_14642,0.9375
zomato_17306+zomato_14801+yelp_13264+zomato_17654,0.9375
zomato_19938+yelp_30199+zomato_19275+zomato_20303,0.9375
zomato_15117+zomato_17245+yelp_54694+zomato_14456,0.9375
zomato_14791+zomato_17650+yelp_33020+zomato_17303,0.9375
zomato_9591+zomato_10173+yelp_3901+zomato_9077,0.9375
yelp_52922+zomato_14183+zomato_14531+zomato_15113,0.9375
zomato_17308+zomato_14815+yelp_8097+zomato_17657,0.9375
zomato_19282+yelp_52973+zomato_19951+zomato_20315,0.9375
yelp_17093+zomato_15119+zomato_14184+zomato_14533,0.9375
zomato_16140+zomato_17378+yelp_29883+zomato_16447,0.9375
yelp_15799+zomato_17114+zomato_14792+zomato_18238,0.9375
zomato_15327+zomato_15139+zomato_14601+yelp_27700+zomato_17085,0.9428571428571428
yelp_23088+zomato_18373+zomato_17357+zomato_16116+zomato_16424,0.9428571428571428
zomato_19946+zomato_19609+yelp_10759+zomato_19525+zomato_20223,0.95
zomato_14933+zomato_15073+yelp_17326+zomato_14560+zomato_18347,0.95
zomato_16182+zomato_17819+zomato_18067+yelp_13465+zomato_17712,0.95
zomato_17869+yelp_55876+zomato_16111+zomato_17353+zomato_16420,0.95
zomato_19521+yelp_22185+zomato_20221,0.9523809523809523
zomato_19278+yelp_18172+zomato_20311,0.9523809523809523
yelp_6286+zomato_20364+zomato_20003,0.9523809523809523
zomato_13534+yelp_46389+zomato_13348,0.9523809523809523
yelp_6386+zomato_19950+zomato_20312,0.9523809523809523
zomato_13533+yelp_7492+zomato_13299,0.9523809523809523
zomato_13346+yelp_23380+zomato_13598,0.9523809523809523
zomato_13588+yelp_47623+zomato_13364,0.9523809523809523
yelp_27588+zomato_19973+zomato_20326,0.9583333333333333
yelp_39108+zomato_1240+zomato_336,0.9583333333333333
yelp_30690+zomato_3744+zomato_4407,0.9583333333333333
yelp_37435+zomato_1363+zomato_766,0.9583333333333333
zomato_5521+yelp_28449+zomato_4384,0.9583333333333333
zomato_2945+zomato_2307+yelp_32062,0.9583333333333333
zomato_3355+zomato_2464+yelp_19310,0.9583333333333333
zomato_14525+yelp_4532+zomato_15105,0.9583333333333333
yelp_335+zomato_19279+zomato_20410,0.9583333333333333
zomato_19919+yelp_13064+zomato_19258,0.9583333333333333
yelp_20131+zomato_13595+zomato_13343,0.9583333333333333
zomato_20492+zomato_20628+yelp_34764,0.9583333333333333
yelp_27703+zomato_13537+zomato_13300,0.9583333333333333
zomato_19924+zomato_20288+yelp_53926,0.9583333333333333
zomato_19274+yelp_28465+zomato_19933,0.9583333333333333
zomato_13864+yelp_9829+zomato_13415,0.9583333333333333
zomato_3432+zomato_2516+yelp_24293,0.9583333333333333
zomato_13405+zomato_13724+yelp_41599,0.9583333333333333
zomato_7345+zomato_8030+yelp_37100,0.9583333333333333
zomato_300+zomato_1208+yelp_601,0.9583333333333333
zomato_13515+yelp_23381+zomato_13279,0.9583333333333333
yelp_34153+zomato_9582+zomato_9078,0.9583333333333333
zomato_6059+zomato_5667+yelp_29983,0.9583333333333333
zomato_1676+zomato_423+yelp_40541,0.9583333333333333
zomato_6049+zomato_5629+yelp_24749,0.9583333333333333
zomato_1227+zomato_345+yelp_14629,0.9583333333333333
zomato_19930+yelp_3382+zomato_20299,0.9583333333333333
yelp_9209+zomato_6459+zomato_6255,0.9583333333333333
zomato_13298+zomato_13540+yelp_35494,0.9583333333333333
yelp_12203+zomato_20491+zomato_20627,0.9583333333333333
zomato_17231+zomato_16355+yelp_32767,0.9583333333333333
yelp_34007+zomato_324+zomato_1219,0.9583333333333333
yelp_48475+zomato_13597+zomato_13345,0.9583333333333333
yelp_13138+zomato_13525+zomato_13291,0.9583333333333333
yelp_50248+zomato_14195+zomato_14580,0.9583333333333333
yelp_40289+zomato_13275+zomato_13510,0.9583333333333333
zomato_19564+yelp_29570+zomato_20421,0.9583333333333333
zomato_2276+zomato_2456+yelp_29090,0.9583333333333333
zomato_15134+yelp_20639+zomato_14544,0.9583333333333333
zomato_19974+yelp_48050+zomato_19306,0.9583333333333333
yelp_54924+zomato_425+zomato_932,0.9583333333333333
zomato_20274+yelp_34997+zomato_19553,0.9583333333333333
zomato_2353+yelp_41552+zomato_3107,0.9583333333333333
zomato_20031+zomato_19269+yelp_16529,0.9583333333333333
yelp_26789+zomato_13583+zomato_13363,0.9583333333333333
yelp_43207+zomato_14552+zomato_15149,0.9583333333333333
zomato_13518+yelp_42389+zomato_13283,0.9583333333333333
zomato_13512+yelp_27475+zomato_13277,0.9583333333333333
yelp_56041+zomato_1684+zomato_435,0.9583333333333333
zomato_7301+yelp_34758+zomato_8047,0.9583333333333333
yelp_51106+zomato_20626+zomato_20490,0.9583333333333333
zomato_13357+zomato_13567+yelp_33913,0.9583333333333333
yelp_46657+zomato_14240+zomato_17975,0.9583333333333333
yelp_4712+zomato_20427+zomato_20668,0.9583333333333333
yelp_25405+zomato_16025+zomato_15379,0.9583333333333333
zomato_7456+zomato_8419+yelp_48486,0.9583333333333333
yelp_46695+zomato_4426+zomato_6518,0.9583333333333333
yelp_13410+zomato_19923+zomato_20287,0.9583333333333333
zomato_13295+yelp_9290+zomato_13531,0.9583333333333333
yelp_22526+zomato_501+zomato_1736,0.9583333333333333
yelp_4906+zomato_7409+zomato_8341,0.9583333333333333
zomato_13582+zomato_13362+yelp_55542,0.9583333333333333
zomato_13281+zomato_13517+yelp_36192,0.9583333333333333
zomato_309+zomato_1212+yelp_3465,0.9583333333333333
zomato_13555+zomato_13315+yelp_30636,0.9583333333333333
zomato_13504+zomato_13271+yelp_11739,0.9583333333333333
yelp_52238+zomato_18024+zomato_14289,0.9583333333333333
zomato_13529+yelp_39809+zomato_13294,0.9583333333333333
zomato_1231+zomato_355+yelp_6159,0.9583333333333333
zomato_13786+zomato_13526+zomato_13292+yelp_40739,0.96875
yelp_38209+zomato_20362+zomato_19334+zomato_20001,0.96875
zomato_19419+zomato_19957+yelp_10192+zomato_20322,0.96875
zomato_19310+zomato_19980+zomato_20349+yelp_8118,0.96875
zomato_14679+yelp_38397+zomato_16621+zomato_14211,0.96875
yelp_47797+zomato_20306+zomato_19280+zomato_19943,0.96875
zomato_14207+zomato_14639+yelp_34830+zomato_16585,0.96875
zomato_20358+zomato_19995+zomato_20080+yelp_2452,0.96875
zomato_19409+zomato_20316+yelp_55111+zomato_19954,0.96875
zomato_13514+zomato_13282+yelp_38135+zomato_13785,0.96875
zomato_19287+zomato_19411+yelp_31439+zomato_19955,0.96875
