"zomato_20457","yelp_11172","1.0"
"zomato_5555","yelp_1337","1.0"
"zomato_3777","yelp_50185","1.0"
"zomato_17742","yelp_14890","1.0"
"zomato_13344","yelp_51482","0.9333333333333333"
"zomato_17383","yelp_26349","0.9076923076923077"
"zomato_19958","yelp_39451","0.9428571428571428"
"zomato_1068","yelp_34369","0.9142857142857144"
"zomato_7996","yelp_37150","0.88"
"zomato_13244","yelp_19556","0.8434782608695652"
"zomato_17036","yelp_3130","0.9238095238095239"
"zomato_455","yelp_5953","0.8636363636363636"
"zomato_17712","yelp_13465","1.0"
"zomato_19938","yelp_30199","0.9333333333333333"
"zomato_19973","yelp_27588","1.0"
"zomato_13289","yelp_47371","0.8151724137931035"
"zomato_336","yelp_39108","0.8846153846153846"
"zomato_1281","yelp_21251","0.95"
"zomato_19763","yelp_20960","1.0"
"zomato_8781","yelp_32953","1.0"
"zomato_13328","yelp_8615","1.0"
"zomato_13533","yelp_7492","1.0"
"zomato_13271","yelp_11739","0.8695652173913044"
"zomato_9522","yelp_33777","0.8764705882352941"
"zomato_3192","yelp_49804","0.9400000000000001"
"zomato_5561","yelp_38906","1.0"
"zomato_13588","yelp_47623","1.0"
"zomato_15357","yelp_12491","0.9714285714285714"
"zomato_485","yelp_56568","0.8153846153846154"
"zomato_327","yelp_56474","1.0"
"zomato_13349","yelp_8615","0.8400000000000001"
"zomato_14292","yelp_49861","0.91"
"zomato_15973","yelp_40863","0.9111111111111111"
"zomato_20448","yelp_13923","1.0"
"zomato_3106","yelp_52430","1.0"
"zomato_9799","yelp_28594","1.0"
"zomato_16494","yelp_25396","0.9785714285714285"
"zomato_6193","yelp_3327","1.0"
"zomato_2945","yelp_32062","1.0"
"zomato_4548","yelp_9625","0.928"
"zomato_17698","yelp_14892","0.91"
"zomato_2526","yelp_6074","0.8444444444444444"
"zomato_5408","yelp_38758","0.91"
"zomato_8756","yelp_3179","0.8333333333333333"
"zomato_1149","yelp_46255","0.85"
"zomato_17828","yelp_37272","0.8875"
"zomato_9251","yelp_45333","1.0"
"zomato_10203","yelp_33729","0.8333333333333333"
"zomato_17654","yelp_13264","0.9181818181818182"
"zomato_17","yelp_12849","0.8857142857142857"
"zomato_3769","yelp_46215","0.9142857142857144"
"zomato_15117","yelp_54694","0.91"
"zomato_8873","yelp_42025","0.8875"
"zomato_4832","yelp_8548","0.9555555555555555"
"zomato_3752","yelp_21092","1.0"
"zomato_15098","yelp_1021","0.9733333333333334"
"zomato_13941","yelp_46630","0.8071428571428572"
"zomato_55","yelp_51027","1.0"
"zomato_5326","yelp_12043","0.8090909090909091"
"zomato_4846","yelp_35434","0.822857142857143"
"zomato_13386","yelp_47587","0.92"
"zomato_14103","yelp_8170","0.8235294117647058"
"zomato_20774","yelp_10161","0.9142857142857144"
"zomato_9655","yelp_33956","1.0"
"zomato_9109","yelp_22736","1.0"
"zomato_8833","yelp_30035","0.8258064516129033"
"zomato_14135","yelp_8170","0.8588235294117647"
"zomato_15383","yelp_24400","0.8383116883116883"
"zomato_8871","yelp_26030","0.8571428571428571"
"zomato_6113","yelp_26343","0.8736842105263158"
"zomato_4292","yelp_1570","0.91"
"zomato_15931","yelp_52522","1.0"
"zomato_13311","yelp_590","0.8200000000000001"
"zomato_2678","yelp_29004","1.0"
"zomato_18106","yelp_4183","0.8025806451612902"
"zomato_15998","yelp_47355","0.9052631578947368"
"zomato_14289","yelp_52238","1.0"
"zomato_1932","yelp_45879","0.8941176470588235"
"zomato_14096","yelp_41686","0.9142857142857144"
"zomato_1231","yelp_6159","0.9142857142857144"
"zomato_14144","yelp_52380","0.8736842105263158"
"zomato_9310","yelp_33420","0.9111111111111111"
"zomato_17819","yelp_13465","1.0"
"zomato_1106","yelp_17297","0.9217391304347826"
"zomato_14122","yelp_52380","0.9428571428571428"
"zomato_19955","yelp_31439","1.0"
"zomato_5726","yelp_41690","1.0"
"zomato_20702","yelp_19478","0.92"
"zomato_3738","yelp_19857","0.9142857142857144"
"zomato_13311","yelp_9993","0.8105263157894738"
"zomato_15349","yelp_36314","1.0"
"zomato_1099","yelp_51810","0.88"
"zomato_14117","yelp_52380","0.8736842105263158"
"zomato_15408","yelp_54944","0.9478260869565218"
"zomato_2925","yelp_28188","1.0"
"zomato_17711","yelp_25396","0.9785714285714285"
"zomato_17968","yelp_24172","0.875"
"zomato_3355","yelp_19310","0.8320000000000001"
"zomato_16420","yelp_55876","0.8153846153846154"
"zomato_14139","yelp_36571","1.0"
"zomato_8759","yelp_15637","0.9333333333333333"
"zomato_3374","yelp_40683","1.0"
"zomato_1068","yelp_11850","0.9142857142857144"
"zomato_3998","yelp_22601","0.8875"
"zomato_19095","yelp_28089","0.8333333333333333"
"zomato_4785","yelp_19308","0.8857142857142857"
"zomato_5470","yelp_9132","0.8909090909090909"
"zomato_20509","yelp_53795","0.8075235109717869"
"zomato_8483","yelp_6972","1.0"
"zomato_20451","yelp_52005","0.9"
"zomato_1771","yelp_44247","0.8111111111111111"
"zomato_14170","yelp_37925","0.9076923076923077"
"zomato_13298","yelp_35494","1.0"
"zomato_2098","yelp_52865","0.8857142857142857"
"zomato_3037","yelp_35084","0.8714285714285714"
"zomato_14786","yelp_47242","0.9172413793103448"
"zomato_8886","yelp_3112","0.8580645161290322"
"zomato_15993","yelp_695","1.0"
"zomato_17988","yelp_40028","1.0"
"zomato_9182","yelp_34634","0.8"
"zomato_7446","yelp_56645","0.88"
"zomato_17869","yelp_55876","0.8153846153846154"
"zomato_4581","yelp_1510","0.8222222222222222"
"zomato_20767","yelp_22103","0.9368421052631579"
"zomato_14752","yelp_52695","0.888888888888889"
"zomato_20349","yelp_8118","1.0"
"zomato_17755","yelp_41433","0.8690476190476191"
"zomato_20780","yelp_19591","0.8090909090909091"
"zomato_5424","yelp_13456","0.8"
"zomato_17325","yelp_39851","0.9357142857142857"
"zomato_17306","yelp_13264","0.9181818181818182"
"zomato_20517","yelp_53501","0.9052631578947368"
"zomato_7124","yelp_3193","0.8"
"zomato_1267","yelp_46214","1.0"
"zomato_1133","yelp_35609","0.8571428571428571"
"zomato_17703","yelp_25552","1.0"
"zomato_298","yelp_56611","0.941913043478261"
"zomato_14655","yelp_10010","1.0"
"zomato_1152","yelp_751","0.817391304347826"
"zomato_8829","yelp_5896","0.8588235294117647"
"zomato_5637","yelp_49714","0.8137931034482759"
"zomato_20342","yelp_35089","1.0"
"zomato_1124","yelp_35620","0.8"
"zomato_510","yelp_20804","1.0"
"zomato_14698","yelp_47157","0.8718954248366013"
"zomato_2441","yelp_47829","0.8235294117647058"
"zomato_1174","yelp_731","0.855"
"zomato_14796","yelp_19951","0.91"
"zomato_18329","yelp_15655","0.96"
"zomato_1061","yelp_35990","1.0"
"zomato_13296","yelp_23427","0.8571428571428571"
"zomato_14104","yelp_54921","0.8222222222222222"
"zomato_20080","yelp_2452","1.0"
"zomato_1226","yelp_11949","0.8350132625994695"
"zomato_14222","yelp_1508","1.0"
"zomato_14130","yelp_40203","0.9368421052631579"
"zomato_4462","yelp_49435","1.0"
"zomato_5297","yelp_36097","1.0"
"zomato_14104","yelp_40203","0.8421052631578948"
"zomato_15102","yelp_26697","0.8666666666666667"
"zomato_13534","yelp_46389","1.0"
"zomato_13292","yelp_40739","0.96"
"zomato_13565","yelp_46388","0.9809523809523809"
"zomato_2456","yelp_29090","0.8"
"zomato_14791","yelp_33020","1.0"
"zomato_3081","yelp_48000","0.8090909090909091"
"zomato_18384","yelp_27565","1.0"
"zomato_19954","yelp_55111","1.0"
"zomato_5595","yelp_38623","0.9217391304347826"
"zomato_1162","yelp_47480","0.8736842105263158"
"zomato_13346","yelp_23380","1.0"
"zomato_2276","yelp_29090","0.8"
"zomato_2225","yelp_46393","0.9789473684210527"
"zomato_1095","yelp_50187","1.0"
"zomato_14526","yelp_48784","0.9777777777777779"
"zomato_1636","yelp_22791","0.8560439560439561"
"zomato_20500","yelp_1528","1.0"
"zomato_16020","yelp_31782","1.0"
"zomato_5562","yelp_3855","0.91"
"zomato_10307","yelp_56124","0.8542857142857143"
"zomato_18837","yelp_30371","0.85"
"zomato_14822","yelp_17218","0.837037037037037"
"zomato_9135","yelp_34857","0.8857142857142857"
"zomato_3574","yelp_48415","0.9636363636363636"
"zomato_8786","yelp_27380","1.0"
"zomato_2980","yelp_33358","1.0"
"zomato_19269","yelp_16529","1.0"
"zomato_20429","yelp_9532","0.92"
"zomato_17674","yelp_53344","0.9"
"zomato_15981","yelp_47109","1.0"
"zomato_58","yelp_48891","0.8222222222222222"
"zomato_14073","yelp_24545","1.0"
"zomato_17994","yelp_14924","1.0"
"zomato_13513","yelp_6186","1.0"
"zomato_3755","yelp_19973","1.0"
"zomato_8737","yelp_20971","1.0"
"zomato_13301","yelp_53956","0.98"
"zomato_19907","yelp_43170","1.0"
"zomato_10619","yelp_32883","0.8833333333333333"
"zomato_19274","yelp_28465","1.0"
"zomato_5529","yelp_25221","0.9217391304347826"
"zomato_5455","yelp_1075","0.9"
"zomato_453","yelp_56627","1.0"
"zomato_9626","yelp_28401","0.9"
"zomato_5021","yelp_42189","1.0"
"zomato_14087","yelp_36373","1.0"
"zomato_8797","yelp_3038","0.85"
"zomato_1204","yelp_34192","0.8199488491048592"
"zomato_5497","yelp_3844","1.0"
"zomato_19905","yelp_55091","1.0"
"zomato_3820","yelp_6079","1.0"
"zomato_1075","yelp_17029","0.9"
"zomato_14126","yelp_25803","0.8991341991341991"
"zomato_14089","yelp_8057","0.8"
"zomato_13345","yelp_48475","0.8923076923076922"
"zomato_16006","yelp_31836","0.8285714285714285"
"zomato_3096","yelp_52169","1.0"
"zomato_14318","yelp_35565","0.91"
"zomato_14315","yelp_48860","1.0"
"zomato_5604","yelp_41918","0.8736842105263158"
"zomato_8758","yelp_31343","0.8235294117647058"
"zomato_17962","yelp_53104","0.8736842105263158"
"zomato_13279","yelp_23381","1.0"
"zomato_19305","yelp_16559","1.0"
"zomato_8894","yelp_28655","1.0"
"zomato_3394","yelp_36813","1.0"
"zomato_5461","yelp_43846","0.8285714285714285"
"zomato_20422","yelp_19451","1.0"
"zomato_3763","yelp_10980","1.0"
"zomato_8374","yelp_44836","0.8666666666666667"
"zomato_15061","yelp_31893","0.856"
"zomato_18418","yelp_45771","0.968421052631579"
"zomato_14092","yelp_24849","0.8363636363636364"
"zomato_5629","yelp_24749","1.0"
"zomato_15910","yelp_25874","0.9714285714285714"
"zomato_20737","yelp_11017","0.8836363636363637"
"zomato_6145","yelp_55871","0.9217391304347826"
"zomato_1242","yelp_29561","0.91"
"zomato_19205","yelp_56428","0.8588235294117647"
"zomato_4498","yelp_51305","1.0"
"zomato_4418","yelp_51279","0.9076923076923077"
"zomato_17726","yelp_38177","0.9142857142857144"
"zomato_8339","yelp_3193","0.8"
"zomato_13579","yelp_6464","0.8166666666666667"
"zomato_9794","yelp_55306","0.9714285714285714"
"zomato_10214","yelp_39237","0.9516908212560387"
"zomato_6122","yelp_3894","1.0"
"zomato_7","yelp_50192","1.0"
"zomato_5572","yelp_38470","0.91"
"zomato_7384","yelp_6972","1.0"
"zomato_14144","yelp_8579","0.8666666666666667"
"zomato_19411","yelp_31439","1.0"
"zomato_20288","yelp_53926","1.0"
"zomato_14277","yelp_18274","1.0"
"zomato_14117","yelp_8579","1.0"
"zomato_14076","yelp_35293","0.8320000000000001"
"zomato_5526","yelp_13219","0.9142857142857144"
"zomato_13950","yelp_6005","0.808"
"zomato_14122","yelp_8579","0.8285714285714285"
"zomato_445","yelp_28302","0.9333333333333333"
"zomato_5721","yelp_48","1.0"
"zomato_14122","yelp_23542","0.8285714285714285"
"zomato_13307","yelp_49759","0.8482758620689655"
"zomato_5534","yelp_39827","0.9142857142857144"
"zomato_14216","yelp_18281","1.0"
"zomato_16004","yelp_42834","1.0"
"zomato_8714","yelp_28401","0.9"
"zomato_6059","yelp_29983","1.0"
"zomato_14117","yelp_23542","0.8666666666666667"
"zomato_10217","yelp_5896","0.8588235294117647"
"zomato_1114","yelp_18911","0.875"
"zomato_14219","yelp_8690","1.0"
"zomato_1228","yelp_50853","0.8320000000000001"
"zomato_7421","yelp_31186","0.9"
"zomato_17706","yelp_39541","0.9225806451612903"
"zomato_5553","yelp_42441","1.0"
"zomato_5114","yelp_31752","1.0"
"zomato_14144","yelp_23542","1.0"
"zomato_448","yelp_6849","1.0"
"zomato_17758","yelp_14510","1.0"
"zomato_8864","yelp_28473","1.0"
"zomato_4518","yelp_24933","0.9052631578947368"
"zomato_16621","yelp_38397","1.0"
"zomato_16049","yelp_24175","0.8400000000000001"
"zomato_17353","yelp_55876","0.8153846153846154"
"zomato_8921","yelp_53105","0.8"
"zomato_9477","yelp_4491","0.8482758620689655"
"zomato_19971","yelp_16559","1.0"
"zomato_13527","yelp_18791","1.0"
"zomato_20322","yelp_10192","1.0"
"zomato_14933","yelp_17326","0.875"
"zomato_2948","yelp_35913","1.0"
"zomato_3066","yelp_10376","0.8943734015345268"
"zomato_3044","yelp_10398","1.0"
"zomato_14563","yelp_52373","0.9217391304347826"
"zomato_17984","yelp_55808","0.8400000000000001"
"zomato_8928","yelp_53127","0.8274509803921568"
"zomato_20410","yelp_335","0.9666666666666667"
"zomato_14816","yelp_46614","0.888888888888889"
"zomato_435","yelp_56041","1.0"
"zomato_3070","yelp_47437","0.8"
"zomato_397","yelp_44247","0.8111111111111111"
"zomato_3050","yelp_35553","0.8"
"zomato_13439","yelp_46630","0.8071428571428572"
"zomato_1025","yelp_50523","0.8571428571428571"
"zomato_6128","yelp_38679","1.0"
"zomato_14074","yelp_48520","1.0"
"zomato_487","yelp_45528","0.8250000000000001"
"zomato_3072","yelp_8671","0.8346666666666667"
"zomato_1166","yelp_32108","0.8071428571428572"
"zomato_2473","yelp_17317","0.8666666666666667"
"zomato_13551","yelp_6352","1.0"
"zomato_3178","yelp_51333","0.8320000000000001"
"zomato_10012","yelp_4491","0.8482758620689655"
"zomato_2348","yelp_50663","0.9400000000000001"
"zomato_14581","yelp_11346","1.0"
"zomato_15355","yelp_47109","1.0"
"zomato_7105","yelp_33701","0.8736842105263158"
"zomato_791","yelp_54530","0.825"
"zomato_4528","yelp_51361","1.0"
"zomato_19495","yelp_39457","1.0"
"zomato_17857","yelp_56894","1.0"
"zomato_9089","yelp_11925","0.8333333333333333"
"zomato_17750","yelp_42231","0.9428571428571428"
"zomato_4549","yelp_19561","1.0"
"zomato_5644","yelp_52585","0.8032608695652175"
"zomato_14076","yelp_12837","0.8666666666666667"
"zomato_6065","yelp_32429","1.0"
"zomato_19933","yelp_28465","1.0"
"zomato_20384","yelp_49993","1.0"
"zomato_3099","yelp_11779","0.9733333333333334"
"zomato_15753","yelp_24426","0.8666666666666667"
"zomato_3445","yelp_53860","1.0"
"zomato_15115","yelp_55770","0.9478260869565218"
"zomato_3059","yelp_10325","0.84"
"zomato_13311","yelp_8009","0.97"
"zomato_2935","yelp_7644","0.8258064516129033"
"zomato_9161","yelp_23763","0.837037037037037"
"zomato_17338","yelp_14892","0.91"
"zomato_8775","yelp_28503","1.0"
"zomato_14096","yelp_19651","0.8714285714285714"
"zomato_3035","yelp_24722","0.9181818181818182"
"zomato_3432","yelp_24293","1.0"
"zomato_8870","yelp_28341","1.0"
"zomato_3062","yelp_11461","1.0"
"zomato_17245","yelp_54694","0.91"
"zomato_20762","yelp_25981","1.0"
"zomato_13276","yelp_9317","0.8714285714285714"
"zomato_13412","yelp_29424","1.0"
"zomato_4477","yelp_11423","1.0"
"zomato_4501","yelp_12999","1.0"
"zomato_9479","yelp_30035","0.8258064516129033"
"zomato_18004","yelp_31297","1.0"
"zomato_18385","yelp_44461","0.8037037037037037"
"zomato_2307","yelp_32062","1.0"
"zomato_1283","yelp_45291","0.88"
"zomato_9122","yelp_35928","1.0"
"zomato_17120","yelp_28305","0.8021052631578949"
"zomato_13275","yelp_40289","1.0"
"zomato_1256","yelp_45294","1.0"
"zomato_7976","yelp_30443","0.85"
"zomato_14347","yelp_11199","0.8857142857142857"
"zomato_6495","yelp_12036","1.0"
"zomato_17906","yelp_15836","0.8782608695652174"
"zomato_4409","yelp_35184","0.8540000000000001"
"zomato_15139","yelp_27700","0.9818181818181818"
"zomato_9628","yelp_55381","0.8666666666666667"
"zomato_3399","yelp_8139","0.808"
"zomato_2541","yelp_17317","0.85"
"zomato_4888","yelp_49435","1.0"
"zomato_19291","yelp_39451","0.9428571428571428"
"zomato_5085","yelp_1065","1.0"
"zomato_9273","yelp_50053","0.8875"
"zomato_19275","yelp_30199","0.9333333333333333"
"zomato_17690","yelp_38345","0.9714285714285714"
"zomato_1265","yelp_46651","1.0"
"zomato_5585","yelp_2074","0.8"
"zomato_362","yelp_4106","0.8799999999999999"
"zomato_15124","yelp_14344","0.91"
"zomato_3010","yelp_36687","0.8"
"zomato_20498","yelp_1884","1.0"
"zomato_5578","yelp_43693","0.8666666666666667"
"zomato_19451","yelp_27208","0.8307692307692307"
"zomato_2525","yelp_34612","0.85"
"zomato_14123","yelp_23395","0.8071428571428572"
"zomato_20626","yelp_51106","1.0"
"zomato_4416","yelp_49943","0.9142857142857144"
"zomato_18038","yelp_16724","1.0"
"zomato_13333","yelp_40266","0.984"
"zomato_13422","yelp_46714","0.8421052631578948"
"zomato_19989","yelp_28373","1.0"
"zomato_7471","yelp_20446","0.85"
"zomato_16111","yelp_55876","0.8153846153846154"
"zomato_13846","yelp_34432","0.928"
"zomato_17414","yelp_30756","1.0"
"zomato_427","yelp_15230","0.976"
"zomato_14406","yelp_35100","0.9586206896551724"
"zomato_20221","yelp_22185","0.925"
"zomato_14811","yelp_18960","0.96"
"zomato_1158","yelp_5086","0.9647058823529412"
"zomato_18400","yelp_16449","0.904"
"zomato_19409","yelp_55111","1.0"
"zomato_13847","yelp_34505","0.8226666666666667"
"zomato_14553","yelp_49526","0.9520000000000001"
"zomato_20490","yelp_51106","1.0"
"zomato_14313","yelp_19189","0.9052631578947368"
"zomato_13673","yelp_17495","1.0"
"zomato_17679","yelp_39851","0.9357142857142857"
"zomato_1164","yelp_5096","0.8"
"zomato_3124","yelp_51061","0.8695652173913044"
"zomato_13305","yelp_24332","0.8480519480519482"
"zomato_14128","yelp_1981","0.8285714285714285"
"zomato_5547","yelp_31759","1.0"
"zomato_1646","yelp_46099","0.8363636363636364"
"zomato_19287","yelp_31439","1.0"
"zomato_20291","yelp_47343","1.0"
"zomato_3060","yelp_40736","0.8285714285714285"
"zomato_9355","yelp_23752","0.85"
"zomato_1275","yelp_10924","0.9"
"zomato_14568","yelp_48136","0.9142857142857144"
"zomato_13308","yelp_13869","0.88"
"zomato_18019","yelp_32813","0.95"
"zomato_1068","yelp_20186","0.9142857142857144"
"zomato_17897","yelp_25098","0.9333333333333333"
"zomato_20001","yelp_38209","1.0"
"zomato_17752","yelp_37063","0.808"
"zomato_13295","yelp_9290","0.817391304347826"
"zomato_13281","yelp_36192","1.0"
"zomato_3128","yelp_242","1.0"
"zomato_3125","yelp_49974","1.0"
"zomato_14210","yelp_10010","1.0"
"zomato_3128","yelp_35235","0.8666666666666667"
"zomato_20293","yelp_10388","0.8375"
"zomato_3004","yelp_22046","1.0"
"zomato_2543","yelp_22885","0.9"
"zomato_766","yelp_37435","0.8222222222222222"
"zomato_2555","yelp_34777","0.9647058823529412"
"zomato_3049","yelp_12922","1.0"
"zomato_13595","yelp_20131","0.9625"
"zomato_13819","yelp_6267","0.8628571428571429"
"zomato_7983","yelp_41084","0.8636363636363636"
"zomato_20481","yelp_36753","0.8533333333333333"
"zomato_5541","yelp_26272","1.0"
"zomato_20502","yelp_96","1.0"
"zomato_3790","yelp_32074","1.0"
"zomato_13251","yelp_12479","1.0"
"zomato_16182","yelp_13465","1.0"
"zomato_3754","yelp_28051","0.9333333333333333"
"zomato_20311","yelp_18172","1.0"
"zomato_14143","yelp_24849","0.9181818181818182"
"zomato_9818","yelp_32649","1.0"
"zomato_17992","yelp_3459","1.0"
"zomato_14314","yelp_49823","0.9666666666666667"
"zomato_16025","yelp_25405","0.8736842105263158"
"zomato_14674","yelp_53519","0.8500000000000001"
"zomato_17254","yelp_50995","1.0"
"zomato_14270","yelp_51828","0.8941176470588235"
"zomato_697","yelp_2727","0.9636363636363636"
"zomato_14128","yelp_18510","1.0"
"zomato_2521","yelp_24581","0.9314285714285714"
"zomato_9524","yelp_56954","0.9454545454545454"
"zomato_14133","yelp_18510","0.8285714285714285"
"zomato_450","yelp_38702","0.9785714285714285"
"zomato_14188","yelp_7563","0.8433333333333334"
"zomato_15415","yelp_23865","1.0"
"zomato_2469","yelp_37707","0.8320000000000001"
"zomato_15758","yelp_45049","0.888888888888889"
"zomato_20328","yelp_35674","0.8666666666666667"
"zomato_2534","yelp_41805","0.8444444444444444"
"zomato_14391","yelp_22718","0.852857142857143"
"zomato_14135","yelp_23923","0.8588235294117647"
"zomato_5325","yelp_14087","1.0"
"zomato_20315","yelp_52973","1.0"
"zomato_14103","yelp_23923","1.0"
"zomato_15112","yelp_28864","0.9052631578947368"
"zomato_66","yelp_22791","0.8560439560439561"
"zomato_1381","yelp_48492","1.0"
"zomato_19334","yelp_38209","1.0"
"zomato_14184","yelp_17093","0.9142857142857144"
"zomato_13510","yelp_40289","1.0"
"zomato_4530","yelp_29139","1.0"
"zomato_13677","yelp_19036","0.8200000000000001"
"zomato_1354","yelp_282","1.0"
"zomato_13405","yelp_41599","0.8636363636363636"
"zomato_3760","yelp_41714","0.9172413793103448"
"zomato_13511","yelp_9317","0.8714285714285714"
"zomato_4849","yelp_16133","0.925"
"zomato_14287","yelp_33147","0.8690476190476191"
"zomato_8895","yelp_24101","0.8348583877995643"
"zomato_14639","yelp_34830","1.0"
"zomato_1414","yelp_23474","0.817391304347826"
"zomato_2729","yelp_287","0.808695652173913"
"zomato_16002","yelp_27054","0.9357142857142857"
"zomato_15105","yelp_4532","0.85"
"zomato_5615","yelp_34198","0.9818181818181818"
"zomato_14818","yelp_13817","1.0"
"zomato_9141","yelp_52603","0.9307692307692308"
"zomato_5446","yelp_28858","1.0"
"zomato_20762","yelp_18776","0.8285714285714285"
"zomato_13580","yelp_40266","0.984"
"zomato_6170","yelp_33619","0.8722689075630252"
"zomato_8936","yelp_28267","0.8054054054054054"
"zomato_5450","yelp_28870","0.9217391304347826"
"zomato_14087","yelp_19844","0.85"
"zomato_19961","yelp_36095","0.85"
"zomato_15132","yelp_3133","0.85"
"zomato_17655","yelp_20628","1.0"
"zomato_20400","yelp_7330","1.0"
"zomato_17405","yelp_56045","1.0"
"zomato_4516","yelp_8942","1.0"
"zomato_17253","yelp_16434","0.8207792207792207"
"zomato_13903","yelp_51077","0.8"
"zomato_13436","yelp_24416","0.8105263157894738"
"zomato_5586","yelp_28915","1.0"
"zomato_2524","yelp_53860","1.0"
"zomato_14805","yelp_25874","0.9714285714285714"
"zomato_19191","yelp_30371","0.85"
"zomato_13864","yelp_9829","0.9052631578947368"
"zomato_2494","yelp_8139","0.808"
"zomato_13544","yelp_13869","0.88"
"zomato_9832","yelp_31998","0.85"
"zomato_7452","yelp_26937","0.9400000000000001"
"zomato_1695","yelp_36846","0.8604247104247105"
"zomato_3078","yelp_22699","0.8160000000000001"
"zomato_4540","yelp_19922","1.0"
"zomato_17730","yelp_16957","0.8956521739130434"
"zomato_2984","yelp_635","1.0"
"zomato_9650","yelp_42461","0.896551724137931"
"zomato_5097","yelp_32436","0.9142857142857144"
"zomato_16221","yelp_4183","0.8025806451612902"
"zomato_14130","yelp_10719","0.8421052631578948"
"zomato_14104","yelp_10719","0.8736842105263158"
"zomato_13545","yelp_24332","0.8480519480519482"
"zomato_16140","yelp_29883","1.0"
"zomato_1137","yelp_11360","1.0"
"zomato_2999","yelp_35551","0.96"
"zomato_5099","yelp_21963","1.0"
"zomato_16047","yelp_15215","0.9052631578947368"
"zomato_9784","yelp_25078","0.9052631578947368"
"zomato_6161","yelp_21957","0.8956521739130434"
"zomato_20495","yelp_51898","0.808695652173913"
"zomato_6164","yelp_56087","0.9666666666666667"
"zomato_13343","yelp_20131","0.9625"
"zomato_13397","yelp_1500","1.0"
"zomato_1257","yelp_48260","1.0"
"zomato_18026","yelp_42429","1.0"
"zomato_10275","yelp_14723","0.9181818181818182"
"zomato_5588","yelp_4580","1.0"
"zomato_433","yelp_38511","0.9217391304347826"
"zomato_19258","yelp_13064","1.0"
"zomato_20511","yelp_18639","0.9789473684210527"
"zomato_2484","yelp_53810","0.8695652173913044"
"zomato_13517","yelp_36192","1.0"
"zomato_516","yelp_49338","0.9333333333333333"
"zomato_13844","yelp_10143","0.85"
"zomato_16355","yelp_32767","0.8"
"zomato_9501","yelp_27798","0.9571428571428572"
"zomato_1079","yelp_11375","0.8137931034482759"
"zomato_7431","yelp_37373","0.8695652173913044"
"zomato_5594","yelp_44731","1.0"
"zomato_5516","yelp_56628","0.9217391304347826"
"zomato_16618","yelp_44792","0.8928571428571428"
"zomato_15874","yelp_45144","0.9052631578947368"
"zomato_15419","yelp_23783","1.0"
"zomato_15278","yelp_3130","0.9238095238095239"
"zomato_1249","yelp_19021","0.8444444444444444"
"zomato_13531","yelp_9290","0.817391304347826"
"zomato_3060","yelp_35915","0.8571428571428571"
"zomato_17859","yelp_5743","0.904"
"zomato_14246","yelp_47732","0.9357142857142857"
"zomato_14085","yelp_702","1.0"
"zomato_8053","yelp_15978","0.8125"
"zomato_15118","yelp_3266","0.8400000000000001"
"zomato_6513","yelp_32858","0.8320000000000001"
"zomato_14077","yelp_7665","0.8333333333333333"
"zomato_5607","yelp_18548","0.9454545454545454"
"zomato_14260","yelp_10537","0.98125"
"zomato_1130","yelp_54933","0.8846153846153846"
"zomato_4608","yelp_7975","0.85"
"zomato_15686","yelp_35715","0.8571428571428571"
"zomato_2297","yelp_53685","1.0"
"zomato_5430","yelp_16820","1.0"
"zomato_20493","yelp_46060","0.8235294117647058"
"zomato_4104","yelp_56556","1.0"
"zomato_6183","yelp_27027","0.85"
"zomato_20306","yelp_47797","1.0"
"zomato_5603","yelp_7549","1.0"
"zomato_5391","yelp_45934","0.8090909090909091"
"zomato_17688","yelp_31449","0.9703703703703703"
"zomato_20380","yelp_29062","0.8802631578947367"
"zomato_3077","yelp_51591","1.0"
"zomato_15347","yelp_6124","0.95"
"zomato_20352","yelp_10784","1.0"
"zomato_3409","yelp_7709","0.8285714285714285"
"zomato_14085","yelp_33166","0.8400000000000001"
"zomato_13361","yelp_6464","0.8166666666666667"
"zomato_3943","yelp_13860","0.9142857142857144"
"zomato_10280","yelp_27695","1.0"
"zomato_1068","yelp_41973","0.9428571428571428"
"zomato_432","yelp_42989","0.9419354838709677"
"zomato_20512","yelp_48939","1.0"
"zomato_8926","yelp_20565","0.8"
"zomato_4492","yelp_35683","0.8588235294117647"
"zomato_4547","yelp_34297","1.0"
"zomato_5479","yelp_15396","1.0"
"zomato_323","yelp_24056","0.8114285714285714"
"zomato_5519","yelp_28756","0.8240000000000001"
"zomato_1086","yelp_48063","1.0"
"zomato_2516","yelp_24293","1.0"
"zomato_14560","yelp_17326","0.875"
"zomato_2005","yelp_50552","0.9777777777777779"
"zomato_45","yelp_33400","0.9555555555555555"
"zomato_3071","yelp_47490","0.8305555555555555"
"zomato_4457","yelp_50070","0.9181818181818182"
"zomato_13548","yelp_49759","0.8482758620689655"
"zomato_2194","yelp_33330","1.0"
"zomato_13431","yelp_9430","0.8307692307692307"
"zomato_1683","yelp_47163","0.8588235294117647"
"zomato_14185","yelp_11864","1.0"
"zomato_7345","yelp_37100","0.8333333333333333"
"zomato_17394","yelp_44461","0.8037037037037037"
"zomato_14815","yelp_8097","0.8285714285714285"
"zomato_1290","yelp_40292","0.8695652173913044"
"zomato_20780","yelp_22945","0.8"
"zomato_356","yelp_12140","0.8200000000000001"
"zomato_16012","yelp_44195","0.8320000000000001"
"zomato_20364","yelp_6286","1.0"
"zomato_14183","yelp_52922","0.88"
"zomato_8164","yelp_13136","0.9478260869565218"
"zomato_7968","yelp_14222","0.928"
"zomato_1299","yelp_53516","1.0"
"zomato_1266","yelp_1436","0.88"
"zomato_17378","yelp_29883","1.0"
"zomato_8801","yelp_41146","0.9368421052631579"
"zomato_10758","yelp_49199","0.8235294117647058"
"zomato_1687","yelp_24758","0.83125"
"zomato_8054","yelp_42423","0.9357142857142857"
"zomato_20223","yelp_10759","1.0"
"zomato_1191","yelp_37706","1.0"
"zomato_2341","yelp_49804","0.9400000000000001"
"zomato_5550","yelp_43148","0.8995169082125604"
"zomato_89","yelp_32165","0.8434782608695652"
"zomato_8341","yelp_4906","0.88"
"zomato_17948","yelp_20996","0.8125"
"zomato_1729","yelp_55720","1.0"
"zomato_14195","yelp_50248","1.0"
"zomato_9078","yelp_34153","0.9294117647058824"
"zomato_438","yelp_38804","0.9357142857142857"
"zomato_13724","yelp_41599","0.8636363636363636"
"zomato_17262","yelp_5646","0.8857142857142857"
"zomato_20339","yelp_47832","1.0"
"zomato_17771","yelp_55338","0.8090909090909091"
"zomato_13317","yelp_6352","1.0"
"zomato_17401","yelp_44325","0.88"
"zomato_7380","yelp_13536","0.9142857142857144"
"zomato_19995","yelp_2452","1.0"
"zomato_19923","yelp_13410","1.0"
"zomato_13549","yelp_8009","0.97"
"zomato_17105","yelp_30756","1.0"
"zomato_9239","yelp_52623","0.8434782608695652"
"zomato_13290","yelp_18791","1.0"
"zomato_14642","yelp_18867","0.85"
"zomato_17820","yelp_31400","0.9625"
"zomato_475","yelp_53297","0.8764705882352941"
"zomato_5051","yelp_44188","0.9181818181818182"
"zomato_5040","yelp_32252","0.9142857142857144"
"zomato_17091","yelp_54538","0.9142857142857144"
"zomato_8785","yelp_38615","0.8444444444444444"
"zomato_15879","yelp_46740","0.8125"
"zomato_9083","yelp_40934","0.9307359307359307"
"zomato_15149","yelp_43207","1.0"
"zomato_13843","yelp_52863","1.0"
"zomato_5458","yelp_31311","0.8"
"zomato_17854","yelp_32885","0.8846153846153846"
"zomato_14157","yelp_47617","0.9142857142857144"
"zomato_8904","yelp_28594","1.0"
"zomato_1221","yelp_48014","0.8258064516129033"
"zomato_19534","yelp_42157","0.8083333333333333"
"zomato_3060","yelp_35714","0.9233333333333333"
"zomato_17777","yelp_4639","0.9142857142857144"
"zomato_10294","yelp_31815","0.837037037037037"
"zomato_15438","yelp_21101","0.8615384615384615"
"zomato_3743","yelp_48318","0.8074074074074075"
"zomato_5419","yelp_44601","1.0"
"zomato_1193","yelp_53538","1.0"
"zomato_5412","yelp_28743","0.9733333333333334"
"zomato_14533","yelp_17093","0.9142857142857144"
"zomato_14226","yelp_34969","0.91"
"zomato_4531","yelp_50899","0.91"
"zomato_20462","yelp_57119","1.0"
"zomato_17801","yelp_28362","0.9238095238095239"
"zomato_5039","yelp_27544","0.9181818181818182"
"zomato_20031","yelp_16529","1.0"
"zomato_4510","yelp_50865","0.8090909090909091"
"zomato_3059","yelp_33451","1.0"
"zomato_13536","yelp_23427","0.8571428571428571"
"zomato_1146","yelp_19554","0.8857142857142857"
"zomato_20312","yelp_6386","1.0"
"zomato_1208","yelp_601","0.875"
"zomato_1751","yelp_53001","0.9368421052631579"
"zomato_4309","yelp_20085","0.8"
"zomato_4447","yelp_45325","0.8451612903225807"
"zomato_13526","yelp_40739","0.96"
"zomato_15369","yelp_6394","0.9307692307692308"
"zomato_5335","yelp_4061","0.9052631578947368"
"zomato_5429","yelp_15177","0.9652173913043478"
"zomato_17840","yelp_32364","0.9419354838709677"
"zomato_1676","yelp_40541","0.8857142857142857"
"zomato_32","yelp_35622","0.8571428571428571"
"zomato_9634","yelp_49173","0.8941176470588235"
"zomato_5465","yelp_15191","1.0"
"zomato_2935","yelp_49667","0.8254545454545454"
"zomato_8030","yelp_37100","0.8333333333333333"
"zomato_8041","yelp_41168","0.8"
"zomato_3828","yelp_10141","1.0"
"zomato_19967","yelp_26558","1.0"
"zomato_6108","yelp_45930","1.0"
"zomato_18238","yelp_15799","0.8285714285714285"
"zomato_20336","yelp_34628","0.8799999999999999"
"zomato_14591","yelp_18586","0.8736842105263158"
"zomato_2488","yelp_36813","1.0"
"zomato_3076","yelp_22952","0.9647058823529412"
"zomato_4803","yelp_18548","0.9454545454545454"
"zomato_5514","yelp_32530","0.8"
"zomato_10339","yelp_9059","0.8333333333333333"
"zomato_17444","yelp_3188","0.8698412698412699"
"zomato_14551","yelp_7563","0.8433333333333334"
"zomato_10173","yelp_3901","0.9181818181818182"
"zomato_14131","yelp_28089","0.8333333333333333"
"zomato_16523","yelp_17953","0.9419354838709677"
"zomato_9591","yelp_3901","0.9181818181818182"
"zomato_6178","yelp_16771","0.8"
"zomato_17870","yelp_16462","0.8695652173913044"
"zomato_14139","yelp_28064","0.8333333333333333"
"zomato_422","yelp_4896","1.0"
"zomato_13826","yelp_12475","0.8090909090909091"
"zomato_17878","yelp_16467","0.9"
"zomato_204","yelp_41469","0.8153846153846154"
"zomato_20766","yelp_23723","0.9647058823529412"
"zomato_13320","yelp_46388","0.9809523809523809"
"zomato_19062","yelp_24672","0.8714285714285714"
"zomato_431","yelp_55547","0.8857142857142857"
"zomato_13348","yelp_46389","1.0"
"zomato_17301","yelp_5917","0.9636363636363636"
"zomato_4514","yelp_45424","0.8"
"zomato_5297","yelp_56100","0.9"
"zomato_5483","yelp_6918","1.0"
"zomato_1150","yelp_48888","0.8060606060606061"
"zomato_13538","yelp_53956","0.98"
"zomato_10258","yelp_37416","0.8864864864864864"
"zomato_4467","yelp_45430","0.817391304347826"
"zomato_4520","yelp_50762","1.0"
"zomato_1749","yelp_25394","0.8153846153846154"
"zomato_13415","yelp_9829","0.9052631578947368"
"zomato_2464","yelp_19310","0.8320000000000001"
"zomato_19969","yelp_2164","1.0"
"zomato_19508","yelp_30973","1.0"
"zomato_13598","yelp_23380","1.0"
"zomato_20501","yelp_16239","0.9217391304347826"
"zomato_13515","yelp_23381","1.0"
"zomato_1219","yelp_34007","1.0"
"zomato_6073","yelp_27958","1.0"
"zomato_14954","yelp_10083","0.9647058823529412"
"zomato_17851","yelp_32250","0.91"
"zomato_17231","yelp_32767","0.8"
"zomato_15404","yelp_22718","0.852857142857143"
"zomato_5426","yelp_43044","0.9142857142857144"
"zomato_6478","yelp_28847","1.0"
"zomato_5476","yelp_31165","0.9181818181818182"
"zomato_8415","yelp_26937","0.9400000000000001"
"zomato_14207","yelp_34830","1.0"
"zomato_2982","yelp_19219","1.0"
"zomato_9125","yelp_53419","1.0"
"zomato_10735","yelp_39817","0.8289473684210527"
"zomato_15131","yelp_29956","0.9238095238095239"
"zomato_15866","yelp_8754","1.0"
"zomato_19896","yelp_3674","0.8875"
"zomato_309","yelp_3465","0.888888888888889"
"zomato_13818","yelp_40349","1.0"
"zomato_17781","yelp_5406","1.0"
"zomato_18012","yelp_37407","0.9"
"zomato_15134","yelp_20639","0.9"
"zomato_5558","yelp_15129","0.8909090909090909"
"zomato_14139","yelp_33595","0.8333333333333333"
"zomato_5521","yelp_28449","0.9142857142857144"
"zomato_16523","yelp_4228","0.864516129032258"
"zomato_1165","yelp_47375","0.85"
"zomato_2334","yelp_51162","1.0"
"zomato_3060","yelp_29527","0.9714285714285714"
"zomato_13597","yelp_48475","0.8923076923076922"
"zomato_13278","yelp_6186","1.0"
"zomato_1168","yelp_34048","0.875"
"zomato_4512","yelp_6588","1.0"
"zomato_14334","yelp_10637","0.8071428571428572"
"zomato_20725","yelp_47702","0.9333333333333333"
"zomato_3768","yelp_47340","1.0"
"zomato_345","yelp_14629","0.9400000000000001"
"zomato_790","yelp_39378","0.976"
"zomato_2497","yelp_35134","0.8200000000000001"
"zomato_3196","yelp_50663","0.9400000000000001"
"zomato_13535","yelp_8615","0.8400000000000001"
"zomato_9367","yelp_2925","0.8941176470588235"
"zomato_13596","yelp_51482","0.9333333333333333"
"zomato_18067","yelp_13465","1.0"
"zomato_17699","yelp_6989","0.8928571428571428"
"zomato_1159","yelp_36659","1.0"
"zomato_8481","yelp_13536","0.9142857142857144"
"zomato_14141","yelp_7704","0.8799999999999999"
"zomato_13786","yelp_40739","0.96"
"zomato_18021","yelp_2457","0.8571428571428571"
"zomato_17838","yelp_39089","0.8857142857142857"
"zomato_13364","yelp_47623","1.0"
"zomato_8808","yelp_43640","0.83125"
"zomato_2921","yelp_49411","1.0"
"zomato_10265","yelp_37109","0.8"
"zomato_5600","yelp_32059","0.9809523809523809"
"zomato_13573","yelp_8615","1.0"
"zomato_20357","yelp_50850","0.8695652173913044"
"zomato_10312","yelp_14842","1.0"
"zomato_14208","yelp_18867","0.85"
"zomato_2476","yelp_36977","0.8320000000000001"
"zomato_19919","yelp_13064","1.0"
"zomato_17085","yelp_27700","0.9818181818181818"
"zomato_18336","yelp_55709","1.0"
"zomato_20421","yelp_29570","1.0"
"zomato_1140","yelp_40631","0.9818181818181818"
"zomato_14531","yelp_52922","0.88"
"zomato_14828","yelp_48720","0.8372727272727273"
"zomato_20254","yelp_20197","0.9"
"zomato_2216","yelp_19853","1.0"
"zomato_9338","yelp_25870","0.8307692307692307"
"zomato_619","yelp_14425","0.9538461538461538"
"zomato_13879","yelp_9430","0.8307692307692307"
"zomato_13524","yelp_47371","0.8151724137931035"
"zomato_14559","yelp_35611","0.8846153846153846"
"zomato_13440","yelp_11629","0.9454545454545454"
"zomato_20356","yelp_32134","1.0"
"zomato_19294","yelp_36095","0.85"
"zomato_13265","yelp_18432","0.8369523809523809"
"zomato_18408","yelp_4879","0.8168918918918919"
"zomato_13828","yelp_41880","0.8"
"zomato_8743","yelp_4794","0.9"
"zomato_4939","yelp_35778","0.928"
"zomato_13680","yelp_47090","1.0"
"zomato_4293","yelp_7903","0.91"
"zomato_13299","yelp_7492","1.0"
"zomato_1041","yelp_47370","0.9454545454545454"
"zomato_6052","yelp_55534","0.8153846153846154"
"zomato_20628","yelp_34764","0.8695652173913044"
"zomato_7409","yelp_4906","0.88"
"zomato_13437","yelp_47237","1.0"
"zomato_13504","yelp_11739","0.8695652173913044"
"zomato_17543","yelp_16919","0.9357142857142857"
"zomato_3786","yelp_18286","0.856"
"zomato_15154","yelp_50995","1.0"
"zomato_14251","yelp_16030","1.0"
"zomato_4454","yelp_21327","1.0"
"zomato_2436","yelp_51372","1.0"
"zomato_14240","yelp_46657","1.0"
"zomato_9639","yelp_41477","0.8125"
"zomato_8888","yelp_42207","0.8666666666666667"
"zomato_489","yelp_55720","1.0"
"zomato_13549","yelp_9993","0.8105263157894738"
"zomato_9652","yelp_13484","0.9142857142857144"
"zomato_4486","yelp_16028","0.8736842105263158"
"zomato_17328","yelp_31449","0.9703703703703703"
"zomato_19930","yelp_3382","0.9368421052631579"
"zomato_15439","yelp_6536","0.8978260869565218"
"zomato_3080","yelp_33308","1.0"
"zomato_2672","yelp_36687","0.8"
"zomato_13540","yelp_35494","1.0"
"zomato_8861","yelp_31716","0.8285714285714285"
"zomato_4426","yelp_46695","0.925"
"zomato_17367","yelp_32887","0.817391304347826"
"zomato_13549","yelp_590","0.8200000000000001"
"zomato_17114","yelp_15799","0.8285714285714285"
"zomato_15889","yelp_10686","0.8846153846153846"
"zomato_14224","yelp_51937","1.0"
"zomato_20274","yelp_34997","1.0"
"zomato_7415","yelp_27626","0.8941176470588235"
"zomato_20492","yelp_34764","0.8695652173913044"
"zomato_5596","yelp_28220","0.8117647058823529"
"zomato_10815","yelp_4777","0.8071428571428572"
"zomato_5407","yelp_28395","0.9181818181818182"
"zomato_13366","yelp_10445","1.0"
"zomato_6182","yelp_31538","1.0"
"zomato_9824","yelp_54448","0.95"
"zomato_16447","yelp_29883","1.0"
"zomato_13679","yelp_19393","0.8615384615384615"
"zomato_264","yelp_41135","0.9571428571428572"
"zomato_8773","yelp_31787","0.8071428571428572"
"zomato_14279","yelp_34699","0.836"
"zomato_19882","yelp_55512","0.925"
"zomato_5480","yelp_56002","0.9142857142857144"
"zomato_3793","yelp_35434","0.822857142857143"
"zomato_14225","yelp_17337","0.875"
"zomato_15946","yelp_7473","1.0"
"zomato_15148","yelp_16434","0.8207792207792207"
"zomato_7265","yelp_13136","0.9478260869565218"
"zomato_3053","yelp_7889","1.0"
"zomato_3102","yelp_46521","1.0"
"zomato_3745","yelp_51379","0.8695652173913044"
"zomato_13246","yelp_11918","0.8421052631578948"
"zomato_14580","yelp_50248","1.0"
"zomato_3030","yelp_46600","0.8"
"zomato_15982","yelp_28850","0.8428571428571429"
"zomato_14512","yelp_5917","0.9636363636363636"
"zomato_14792","yelp_15799","0.8285714285714285"
"zomato_14303","yelp_16724","1.0"
"zomato_19888","yelp_10253","0.9368421052631579"
"zomato_17680","yelp_10884","0.9181818181818182"
"zomato_5441","yelp_16153","0.9"
"zomato_15979","yelp_3121","0.9076923076923077"
"zomato_13305","yelp_39490","1.0"
"zomato_9281","yelp_1147","1.0"
"zomato_15268","yelp_28175","0.9400000000000001"
"zomato_15411","yelp_16400","0.8727272727272727"
"zomato_9123","yelp_13484","0.9142857142857144"
"zomato_7357","yelp_51323","0.9052631578947368"
"zomato_20375","yelp_15051","0.8536585365853658"
"zomato_5681","yelp_20346","0.8636363636363636"
"zomato_17675","yelp_50532","0.91"
"zomato_13582","yelp_55542","1.0"
"zomato_14600","yelp_3133","0.85"
"zomato_16585","yelp_34830","1.0"
"zomato_1194","yelp_42383","1.0"
"zomato_13523","yelp_26337","1.0"
"zomato_19977","yelp_18280","1.0"
"zomato_2218","yelp_43478","1.0"
"zomato_18024","yelp_52238","1.0"
"zomato_4460","yelp_6977","0.8615384615384616"
"zomato_8902","yelp_7368","0.9142857142857144"
"zomato_1179","yelp_13185","0.8482758620689655"
"zomato_2556","yelp_55688","0.8384615384615386"
"zomato_20739","yelp_5733","0.9400000000000001"
"zomato_1189","yelp_39783","1.0"
"zomato_3022","yelp_29838","0.8222222222222222"
"zomato_5398","yelp_5189","1.0"
"zomato_14453","yelp_5917","0.9636363636363636"
"zomato_4481","yelp_32455","1.0"
"zomato_16992","yelp_5545","0.8222222222222222"
"zomato_2987","yelp_53220","0.8333333333333333"
"zomato_2209","yelp_4665","0.8378947368421052"
"zomato_19928","yelp_10388","0.8375"
"zomato_20438","yelp_21841","0.9052631578947368"
"zomato_1192","yelp_39720","0.8736842105263158"
"zomato_3770","yelp_31854","1.0"
"zomato_7079","yelp_19125","0.9357142857142857"
"zomato_1625","yelp_2727","0.9636363636363636"
"zomato_439","yelp_47163","0.8588235294117647"
"zomato_17743","yelp_10863","0.9"
"zomato_9100","yelp_49173","0.8941176470588235"
"zomato_4993","yelp_31460","1.0"
"zomato_14142","yelp_28549","1.0"
"zomato_18049","yelp_49823","0.9666666666666667"
"zomato_2480","yelp_26563","0.8137931034482759"
"zomato_1397","yelp_2580","0.875"
"zomato_13514","yelp_38135","0.825"
"zomato_7966","yelp_45170","0.896551724137931"
"zomato_9077","yelp_3901","0.9181818181818182"
"zomato_17650","yelp_33020","1.0"
"zomato_17939","yelp_32111","0.9806451612903226"
"zomato_5096","yelp_23970","0.9111111111111111"
"zomato_3018","yelp_45831","0.8303571428571429"
"zomato_19306","yelp_48050","0.96"
"zomato_6176","yelp_34342","0.9181818181818182"
"zomato_18027","yelp_49861","0.91"
"zomato_13537","yelp_27703","0.8"
"zomato_2222","yelp_42208","0.8095238095238095"
"zomato_14676","yelp_44792","0.8928571428571428"
"zomato_19062","yelp_9068","0.8153846153846154"
"zomato_14532","yelp_3266","0.8400000000000001"
"zomato_15969","yelp_3298","0.8200000000000001"
"zomato_15277","yelp_45386","0.88"
"zomato_17763","yelp_46614","0.888888888888889"
"zomato_15073","yelp_17326","0.875"
"zomato_446","yelp_24758","0.83125"
"zomato_14139","yelp_45817","0.8333333333333333"
"zomato_1227","yelp_14629","0.9400000000000001"
"zomato_13277","yelp_27475","1.0"
"zomato_8166","yelp_36167","0.9400000000000001"
"zomato_19981","yelp_18138","0.9142857142857144"
"zomato_19963","yelp_18155","0.95"
"zomato_14213","yelp_4184","1.0"
"zomato_8151","yelp_25734","0.8941176470588235"
"zomato_16036","yelp_7637","0.88"
"zomato_3811","yelp_39536","0.8078260869565218"
"zomato_4371","yelp_21715","1.0"
"zomato_7952","yelp_6450","0.8678571428571429"
"zomato_14324","yelp_43263","0.9357142857142857"
"zomato_6518","yelp_46695","0.925"
"zomato_19062","yelp_25534","0.8153846153846154"
"zomato_17817","yelp_51958","0.97"
"zomato_1121","yelp_26535","0.9142857142857144"
"zomato_7103","yelp_81","0.8857142857142857"
"zomato_1052","yelp_14341","1.0"
"zomato_3813","yelp_44988","1.0"
"zomato_14797","yelp_14510","1.0"
"zomato_14103","yelp_27167","0.8235294117647058"
"zomato_7994","yelp_6462","0.8636363636363636"
"zomato_18294","yelp_51174","0.8"
"zomato_15374","yelp_16432","0.8758620689655172"
"zomato_2557","yelp_39867","1.0"
"zomato_471","yelp_51028","1.0"
"zomato_18093","yelp_135","0.86"
"zomato_14135","yelp_27167","0.8588235294117647"
"zomato_18048","yelp_19189","0.9052631578947368"
"zomato_17960","yelp_34969","0.91"
"zomato_8803","yelp_88","0.8628571428571429"
"zomato_13555","yelp_30636","1.0"
"zomato_9657","yelp_53419","1.0"
"zomato_4509","yelp_29719","1.0"
"zomato_5401","yelp_29266","0.9333333333333333"
"zomato_324","yelp_34007","1.0"
"zomato_17956","yelp_17337","0.875"
"zomato_14138","yelp_29659","0.85"
"zomato_10329","yelp_11045","0.85"
"zomato_16523","yelp_6316","0.8838709677419354"
"zomato_5060","yelp_23896","1.0"
"zomato_9102","yelp_41477","0.8125"
"zomato_2522","yelp_42179","0.95"
"zomato_18837","yelp_46098","0.8285714285714285"
"zomato_16988","yelp_6710","0.8769230769230769"
"zomato_5420","yelp_17315","1.0"
"zomato_3771","yelp_41045","1.0"
"zomato_1186","yelp_38141","1.0"
"zomato_17831","yelp_28175","0.9400000000000001"
"zomato_10375","yelp_2925","0.8941176470588235"
"zomato_19957","yelp_10192","1.0"
"zomato_17945","yelp_10862","1.0"
"zomato_16366","yelp_20113","0.8857142857142857"
"zomato_1243","yelp_43682","0.8222222222222222"
"zomato_1212","yelp_3465","0.888888888888889"
"zomato_1146","yelp_43557","0.9142857142857144"
"zomato_2742","yelp_54686","0.9586206896551724"
"zomato_13554","yelp_54321","0.9666666666666667"
"zomato_14354","yelp_32913","0.97"
"zomato_5451","yelp_51981","0.9"
"zomato_17762","yelp_18960","0.96"
"zomato_6749","yelp_50841","1.0"
"zomato_4321","yelp_32530","0.8"
"zomato_6523","yelp_45325","0.8451612903225807"
"zomato_8896","yelp_51135","1.0"
"zomato_13542","yelp_26528","0.8176923076923077"
"zomato_4524","yelp_44231","1.0"
"zomato_13570","yelp_26528","0.8615384615384616"
"zomato_19310","yelp_8118","1.0"
"zomato_1293","yelp_2019","0.91"
"zomato_20298","yelp_28488","1.0"
"zomato_20506","yelp_50997","1.0"
"zomato_10802","yelp_52607","0.875"
"zomato_17959","yelp_51937","1.0"
"zomato_3087","yelp_17745","1.0"
"zomato_10410","yelp_36277","0.9454545454545454"
"zomato_2962","yelp_37164","1.0"
"zomato_10338","yelp_40133","0.888888888888889"
"zomato_440","yelp_52757","0.8200000000000001"
"zomato_6049","yelp_24749","1.0"
"zomato_1197","yelp_31871","0.95"
"zomato_18429","yelp_11531","0.9217391304347826"
"zomato_13274","yelp_20753","0.98"
"zomato_2996","yelp_14976","0.88"
"zomato_1095","yelp_14428","0.88"
"zomato_5608","yelp_43045","0.925"
"zomato_13785","yelp_38135","0.825"
"zomato_10725","yelp_36749","0.8811594202898552"
"zomato_300","yelp_601","0.875"
"zomato_8901","yelp_22668","0.8714285714285714"
"zomato_17316","yelp_46290","1.0"
"zomato_8865","yelp_52526","1.0"
"zomato_9802","yelp_11045","0.85"
"zomato_13529","yelp_39809","0.97"
"zomato_8739","yelp_52623","0.8434782608695652"
"zomato_6151","yelp_10745","0.8"
"zomato_17991","yelp_16030","1.0"
"zomato_17975","yelp_46657","1.0"
"zomato_451","yelp_36846","0.8604247104247105"
"zomato_413","yelp_577","0.9777777777777779"
"zomato_14552","yelp_43207","1.0"
"zomato_16586","yelp_18867","0.85"
"zomato_1148","yelp_38202","0.8814814814814815"
"zomato_5667","yelp_29983","1.0"
"zomato_14801","yelp_13264","0.9181818181818182"
"zomato_1162","yelp_26395","0.8736842105263158"
"zomato_13525","yelp_13138","1.0"
"zomato_8807","yelp_19345","0.8125"
"zomato_1157","yelp_13046","0.825"
"zomato_1188","yelp_38229","0.8333333333333333"
"zomato_16107","yelp_35715","0.8571428571428571"
"zomato_1363","yelp_37435","0.8222222222222222"
"zomato_13869","yelp_54782","0.8222222222222222"
"zomato_7456","yelp_48486","0.95"
"zomato_4384","yelp_28449","0.9142857142857144"
"zomato_2963","yelp_12083","0.8666666666666667"
"zomato_1772","yelp_23222","1.0"
"zomato_13518","yelp_42389","1.0"
"zomato_17303","yelp_33020","1.0"
"zomato_1180","yelp_30373","0.8821731748726656"
"zomato_88","yelp_44851","0.8971428571428571"
"zomato_14525","yelp_4532","0.85"
"zomato_14527","yelp_28864","0.9052631578947368"
"zomato_7389","yelp_1939","0.8838709677419354"
"zomato_19924","yelp_53926","1.0"
"zomato_1103","yelp_13075","1.0"
"zomato_1126","yelp_3463","0.8105263157894738"
"zomato_5385","yelp_57102","1.0"
"zomato_20712","yelp_30161","1.0"
"zomato_5036","yelp_34933","0.8636363636363636"
"zomato_7346","yelp_25984","0.85"
"zomato_19507","yelp_622","1.0"
"zomato_14392","yelp_50973","1.0"
"zomato_20709","yelp_28212","0.8307692307692307"
"zomato_1253","yelp_1333","1.0"
"zomato_14358","yelp_46960","0.808695652173913"
"zomato_19996","yelp_35089","1.0"
"zomato_418","yelp_48182","0.8285714285714285"
"zomato_7394","yelp_36435","0.9428571428571428"
"zomato_1714","yelp_19257","0.9400000000000001"
"zomato_14119","yelp_43363","0.8714285714285714"
"zomato_14402","yelp_16400","0.8727272727272727"
"zomato_20668","yelp_4712","0.95"
"zomato_5752","yelp_16945","0.8928571428571428"
"zomato_2930","yelp_43797","0.8666666666666667"
"zomato_9400","yelp_51069","1.0"
"zomato_4533","yelp_27524","0.8133333333333334"
"zomato_19980","yelp_8118","1.0"
"zomato_14810","yelp_30756","1.0"
"zomato_17981","yelp_47732","0.9357142857142857"
"zomato_14463","yelp_16434","0.8207792207792207"
"zomato_9262","yelp_2104","0.9217391304347826"
"zomato_4410","yelp_32858","0.8320000000000001"
"zomato_5411","yelp_47761","1.0"
"zomato_4377","yelp_28756","0.8240000000000001"
"zomato_17663","yelp_46848","0.8615384615384615"
"zomato_9786","yelp_10348","0.8421052631578948"
"zomato_16030","yelp_46740","0.8125"
"zomato_20727","yelp_44094","1.0"
"zomato_3823","yelp_54561","0.8461538461538461"
"zomato_1374","yelp_3387","0.8153846153846154"
"zomato_5484","yelp_7680","1.0"
"zomato_15119","yelp_17093","0.9142857142857144"
"zomato_1096","yelp_26951","0.8736842105263158"
"zomato_5439","yelp_970","0.9142857142857144"
"zomato_4909","yelp_39003","1.0"
"zomato_16416","yelp_35715","0.8571428571428571"
"zomato_8795","yelp_40375","0.8835555555555556"
"zomato_14103","yelp_3184","0.8588235294117647"
"zomato_2489","yelp_42833","0.8"
"zomato_1090","yelp_2667","1.0"
"zomato_14135","yelp_3184","1.0"
"zomato_10226","yelp_12905","1.0"
"zomato_3163","yelp_56755","0.9"
"zomato_13583","yelp_26789","0.97"
"zomato_1190","yelp_12174","1.0"
"zomato_10193","yelp_9892","0.8193548387096774"
"zomato_13437","yelp_54422","0.8400000000000001"
"zomato_3744","yelp_30690","0.925"
"zomato_1068","yelp_55960","0.8"
"zomato_5436","yelp_6273","1.0"
"zomato_14544","yelp_20639","0.9"
"zomato_14516","yelp_56045","1.0"
"zomato_3077","yelp_38031","0.8736842105263158"
"zomato_1099","yelp_1271","1.0"
"zomato_2474","yelp_30799","0.9333333333333333"
"zomato_7498","yelp_12668","0.8769230769230769"
"zomato_13357","yelp_33913","0.8258064516129033"
"zomato_5577","yelp_7593","1.0"
"zomato_20011","yelp_29062","0.8802631578947367"
"zomato_14142","yelp_43443","0.9052631578947368"
"zomato_14542","yelp_29956","0.9238095238095239"
"zomato_17740","yelp_51615","1.0"
"zomato_20316","yelp_55111","1.0"
"zomato_5399","yelp_51809","1.0"
"zomato_18011","yelp_18274","1.0"
"zomato_14761","yelp_31095","0.8368421052631578"
"zomato_19521","yelp_22185","0.925"
"zomato_14464","yelp_50995","1.0"
"zomato_4617","yelp_33734","1.0"
"zomato_20365","yelp_27208","0.8307692307692307"
"zomato_425","yelp_54924","0.8857142857142857"
"zomato_20772","yelp_20467","0.925"
"zomato_17783","yelp_835","0.8421052631578948"
"zomato_14144","yelp_15751","0.9"
"zomato_7263","yelp_36167","0.9400000000000001"
"zomato_14122","yelp_15751","0.8"
"zomato_1241","yelp_9040","1.0"
"zomato_9983","yelp_2925","0.8941176470588235"
"zomato_17324","yelp_50532","0.91"
"zomato_1232","yelp_12140","0.8200000000000001"
"zomato_4598","yelp_15543","0.9142857142857144"
"zomato_24","yelp_32351","0.8625"
"zomato_3067","yelp_15674","0.875"
"zomato_10377","yelp_19549","0.8588235294117647"
"zomato_2519","yelp_54747","0.8"
"zomato_14117","yelp_15751","0.8333333333333333"
"zomato_20003","yelp_6286","1.0"
"zomato_5482","yelp_7592","1.0"
"zomato_9514","yelp_9772","1.0"
"zomato_17810","yelp_23765","0.925"
"zomato_2755","yelp_42208","0.8095238095238095"
"zomato_19279","yelp_335","0.9666666666666667"
"zomato_1217","yelp_24056","0.8114285714285714"
"zomato_3173","yelp_27465","0.8064516129032259"
"zomato_20767","yelp_6871","0.8421052631578948"
"zomato_1196","yelp_41453","0.8285714285714285"
"zomato_14472","yelp_5646","0.8857142857142857"
"zomato_19278","yelp_18172","1.0"
"zomato_3061","yelp_56458","1.0"
"zomato_10306","yelp_9765","0.8207407407407408"
"zomato_15361","yelp_3188","0.8698412698412699"
"zomato_17670","yelp_46290","1.0"
"zomato_17242","yelp_20113","0.8857142857142857"
"zomato_4540","yelp_28784","0.8588235294117647"
"zomato_9599","yelp_40934","0.9307359307359307"
"zomato_20427","yelp_4712","0.95"
"zomato_10333","yelp_36661","0.8533333333333333"
"zomato_5475","yelp_22395","1.0"
"zomato_2176","yelp_16470","0.875"
"zomato_19934","yelp_13955","0.885"
"zomato_5456","yelp_51584","1.0"
"zomato_10192","yelp_10322","0.9555555555555556"
"zomato_14139","yelp_32603","0.9"
"zomato_9306","yelp_55556","0.85"
"zomato_19308","yelp_18280","1.0"
"zomato_10177","yelp_40934","0.9307359307359307"
"zomato_3363","yelp_45828","1.0"
"zomato_13302","yelp_32389","1.0"
"zomato_9107","yelp_42461","0.896551724137931"
"zomato_17664","yelp_17462","1.0"
"zomato_17313","yelp_46848","0.8615384615384615"
"zomato_1437","yelp_30648","0.8146086956521739"
"zomato_423","yelp_40541","0.8857142857142857"
"zomato_17835","yelp_29105","0.8372413793103448"
"zomato_400","yelp_23222","1.0"
"zomato_5054","yelp_29350","1.0"
"zomato_15749","yelp_31095","0.8368421052631578"
"zomato_17757","yelp_19951","0.91"
"zomato_14061","yelp_31510","0.8200000000000001"
"zomato_14285","yelp_32813","0.95"
"zomato_15399","yelp_15549","1.0"
"zomato_1284","yelp_41269","0.8405797101449276"
"zomato_10381","yelp_11575","0.817391304347826"
"zomato_1233","yelp_2488","0.8411764705882354"
"zomato_8859","yelp_40279","0.8363636363636364"
"zomato_8487","yelp_1939","0.8838709677419354"
"zomato_6171","yelp_7903","0.91"
"zomato_5507","yelp_50194","0.8571428571428571"
"zomato_13304","yelp_32344","1.0"
"zomato_9582","yelp_34153","0.9294117647058824"
"zomato_16007","yelp_6394","0.9307692307692308"
"zomato_7946","yelp_33010","0.9142857142857144"
"zomato_20460","yelp_44854","1.0"
"zomato_6454","yelp_45272","0.9142857142857144"
"zomato_15113","yelp_52922","0.88"
"zomato_4031","yelp_11834","1.0"
"zomato_1199","yelp_2352","0.9452380952380952"
"zomato_1211","yelp_41269","0.83125"
"zomato_3025","yelp_28682","1.0"
"zomato_14103","yelp_43164","0.8588235294117647"
"zomato_9789","yelp_52696","1.0"
"zomato_14135","yelp_43164","0.8588235294117647"
"zomato_1143","yelp_39995","1.0"
"zomato_2353","yelp_41552","0.8320000000000001"
"zomato_14798","yelp_41433","0.8690476190476191"
"zomato_19311","yelp_18138","0.9142857142857144"
"zomato_432","yelp_25942","0.8258064516129033"
"zomato_15869","yelp_56186","0.9714285714285714"
"zomato_9348","yelp_39573","0.9142857142857144"
"zomato_13849","yelp_42482","0.8428571428571429"
"zomato_17731","yelp_21255","1.0"
"zomato_1741","yelp_34061","0.9142857142857144"
"zomato_456","yelp_25942","0.9032258064516129"
"zomato_17782","yelp_17218","0.837037037037037"
"zomato_13845","yelp_13259","0.915"
"zomato_13815","yelp_2224","0.8625"
"zomato_15916","yelp_45799","1.0"
"zomato_3088","yelp_39288","0.9238095238095239"
"zomato_3110","yelp_16732","1.0"
"zomato_19419","yelp_10192","1.0"
"zomato_5433","yelp_34304","0.9142857142857144"
"zomato_16570","yelp_47617","0.9142857142857144"
"zomato_17993","yelp_10537","0.98125"
"zomato_20348","yelp_30086","1.0"
"zomato_20303","yelp_30199","0.9333333333333333"
"zomato_13881","yelp_13232","0.8147157190635452"
"zomato_10284","yelp_40791","0.8307692307692307"
"zomato_5556","yelp_52927","0.91"
"zomato_1195","yelp_41288","0.9"
"zomato_9677","yelp_52603","0.9307692307692308"
"zomato_20326","yelp_27588","1.0"
"zomato_18373","yelp_23088","1.0"
"zomato_8852","yelp_24282","0.8421052631578948"
"zomato_13286","yelp_5399","0.8"
"zomato_5757","yelp_32870","1.0"
"zomato_1291","yelp_2380","0.85"
"zomato_14999","yelp_41336","0.8758620689655172"
"zomato_1288","yelp_41126","0.904"
"zomato_19524","yelp_51071","1.0"
"zomato_10257","yelp_52658","0.88"
"zomato_9365","yelp_55471","0.8781176470588234"
"zomato_5477","yelp_46171","0.9181818181818182"
"zomato_14271","yelp_31297","1.0"
"zomato_5362","yelp_47693","0.8666666666666667"
"zomato_9392","yelp_55471","0.8781176470588234"
"zomato_15378","yelp_3244","0.9400000000000001"
"zomato_19974","yelp_48050","0.96"
"zomato_17381","yelp_45316","0.91"
"zomato_8419","yelp_48486","0.95"
"zomato_10290","yelp_9892","0.8193548387096774"
"zomato_6114","yelp_16266","0.91"
"zomato_17323","yelp_28031","1.0"
"zomato_8847","yelp_6681","0.9368421052631579"
"zomato_748","yelp_13844","0.9520000000000001"
"zomato_20299","yelp_3382","0.9368421052631579"
"zomato_8810","yelp_16219","0.8601880877742947"
"zomato_1205","yelp_15295","1.0"
"zomato_19983","yelp_50850","0.8695652173913044"
"zomato_13539","yelp_32389","1.0"
"zomato_8794","yelp_45397","0.8"
"zomato_6512","yelp_35184","0.8540000000000001"
"zomato_14096","yelp_54146","0.9142857142857144"
"zomato_3123","yelp_38467","0.9428571428571428"
"zomato_9478","yelp_23763","0.837037037037037"
"zomato_20362","yelp_38209","1.0"
"zomato_9158","yelp_4437","1.0"
"zomato_14291","yelp_42429","1.0"
"zomato_10221","yelp_47605","1.0"
"zomato_20383","yelp_55512","0.925"
"zomato_15106","yelp_48784","0.9777777777777779"
"zomato_20239","yelp_42157","0.8083333333333333"
"zomato_5557","yelp_19637","1.0"
"zomato_20758","yelp_30747","1.0"
"zomato_5530","yelp_18207","1.0"
"zomato_6135","yelp_1383","0.8909090909090909"
"zomato_19191","yelp_46098","0.8285714285714285"
"zomato_7490","yelp_44047","0.9"
"zomato_15327","yelp_27700","0.9818181818181818"
"zomato_20454","yelp_55585","1.0"
"zomato_2677","yelp_45831","0.8303571428571429"
"zomato_14249","yelp_55808","0.8400000000000001"
"zomato_19525","yelp_10759","1.0"
"zomato_8939","yelp_24313","0.85"
"zomato_17035","yelp_45386","0.88"
"zomato_2174","yelp_37520","0.8"
"zomato_7940","yelp_9767","0.8707070707070708"
"zomato_13542","yelp_32344","1.0"
"zomato_1068","yelp_6856","1.0"
"zomato_16208","yelp_135","0.86"
"zomato_7985","yelp_35224","0.8846153846153846"
"zomato_16116","yelp_23088","1.0"
"zomato_2989","yelp_27438","0.8071428571428572"
"zomato_9160","yelp_4491","0.8482758620689655"
"zomato_14520","yelp_1021","0.9733333333333334"
"zomato_60","yelp_55821","0.8315789473684211"
"zomato_7950","yelp_36641","0.888888888888889"
"zomato_9613","yelp_11925","0.8333333333333333"
"zomato_13522","yelp_5399","0.8"
"zomato_18347","yelp_17326","0.875"
"zomato_1359","yelp_20903","0.85"
"zomato_19097","yelp_30013","0.8"
"zomato_2972","yelp_55387","1.0"
"zomato_13435","yelp_21947","1.0"
"zomato_15983","yelp_24133","0.8"
"zomato_17951","yelp_18281","1.0"
"zomato_8020","yelp_10563","0.8078947368421052"
"zomato_5565","yelp_9922","0.8"
"zomato_4478","yelp_43978","1.0"
"zomato_9651","yelp_35928","1.0"
"zomato_3117","yelp_42331","1.0"
"zomato_4541","yelp_43781","0.8600000000000001"
"zomato_1593","yelp_44913","0.8071428571428572"
"zomato_17309","yelp_13817","1.0"
"zomato_17954","yelp_8690","1.0"
"zomato_4459","yelp_26612","0.91"
"zomato_2930","yelp_44818","1.0"
"zomato_3027","yelp_42503","0.8434999999999999"
"zomato_19341","yelp_52997","1.0"
"zomato_6255","yelp_9209","1.0"
"zomato_18022","yelp_33147","0.8690476190476191"
"zomato_3023","yelp_13336","1.0"
"zomato_4534","yelp_3549","1.0"
"zomato_14096","yelp_3328","0.8285714285714285"
"zomato_4597","yelp_13107","0.9142857142857144"
"zomato_19506","yelp_50291","1.0"
"zomato_17713","yelp_1929","1.0"
"zomato_19282","yelp_52973","1.0"
"zomato_8932","yelp_37779","0.904"
"zomato_17873","yelp_35198","0.8833333333333333"
"zomato_3130","yelp_43820","1.0"
"zomato_17657","yelp_8097","0.8285714285714285"
"zomato_10341","yelp_18637","0.8333333333333333"
"zomato_1169","yelp_15263","0.875"
"zomato_1372","yelp_27324","0.8071428571428572"
"zomato_14583","yelp_13707","1.0"
"zomato_17026","yelp_28175","0.9400000000000001"
"zomato_14211","yelp_38397","1.0"
"zomato_18003","yelp_51828","0.8941176470588235"
"zomato_18348","yelp_22739","1.0"
"zomato_2213","yelp_54681","1.0"
"zomato_14085","yelp_27687","0.88"
"zomato_14523","yelp_26697","0.8666666666666667"
"zomato_1234","yelp_4106","0.8799999999999999"
"zomato_2957","yelp_30162","1.0"
"zomato_15985","yelp_12331","1.0"
"zomato_4423","yelp_41077","1.0"
"zomato_17825","yelp_47034","0.91"
"zomato_1274","yelp_21910","0.8"
"zomato_8913","yelp_8065","1.0"
"zomato_3731","yelp_20610","0.91"
"zomato_4840","yelp_41108","0.88"
"zomato_15952","yelp_13373","1.0"
"zomato_10332","yelp_34227","0.85"
"zomato_1736","yelp_22526","0.8846153846153846"
"zomato_5512","yelp_23403","0.928"
"zomato_1285","yelp_17902","1.0"
"zomato_19307","yelp_47832","1.0"
"zomato_20494","yelp_42116","1.0"
"zomato_3129","yelp_43664","0.9333333333333333"
"zomato_3201","yelp_38777","0.9555555555555556"
"zomato_5570","yelp_23443","0.8909090909090909"
"zomato_5398","yelp_12814","0.8028985507246378"
"zomato_3090","yelp_4851","0.9857142857142858"
"zomato_18434","yelp_10830","0.904"
"zomato_17617","yelp_24400","0.8383116883116883"
"zomato_1181","yelp_45556","1.0"
"zomato_16599","yelp_10010","1.0"
"zomato_3735","yelp_32491","0.9142857142857144"
"zomato_14258","yelp_3459","1.0"
"zomato_1696","yelp_5953","0.8636363636363636"
"zomato_4609","yelp_24043","0.9851851851851852"
"zomato_17780","yelp_24980","0.9636363636363636"
"zomato_1410","yelp_44913","0.8071428571428572"
"zomato_932","yelp_54924","0.8857142857142857"
"zomato_17887","yelp_10324","0.9"
"zomato_14123","yelp_15820","0.9142857142857144"
"zomato_6123","yelp_24560","1.0"
"zomato_14739","yelp_42681","0.8875"
"zomato_17751","yelp_47242","0.9172413793103448"
"zomato_17676","yelp_48720","0.8372727272727273"
"zomato_19338","yelp_29062","0.8802631578947367"
"zomato_16640","yelp_47157","0.8718954248366013"
"zomato_2552","yelp_21780","0.9466666666666667"
"zomato_8731","yelp_34634","0.8"
"zomato_1060","yelp_33937","1.0"
"zomato_13363","yelp_26789","0.97"
"zomato_17357","yelp_23088","1.0"
"zomato_5524","yelp_24788","0.8"
"zomato_19968","yelp_34628","0.8799999999999999"
"zomato_5440","yelp_8410","0.9052631578947368"
"zomato_1294","yelp_44140","0.85625"
"zomato_6459","yelp_9209","1.0"
"zomato_9058","yelp_55381","0.8666666666666667"
"zomato_4451","yelp_38291","1.0"
"zomato_13567","yelp_33913","0.8258064516129033"
"zomato_504","yelp_16031","0.9739130434782609"
"zomato_5566","yelp_24745","0.9181818181818182"
"zomato_1088","yelp_33764","0.8258064516129033"
"zomato_14076","yelp_14643","0.817391304347826"
"zomato_8417","yelp_35617","0.9400000000000001"
"zomato_17820","yelp_48765","0.8333333333333333"
"zomato_8455","yelp_18320","0.91"
"zomato_14061","yelp_14643","0.97"
"zomato_20757","yelp_2798","1.0"
"zomato_20478","yelp_13080","1.0"
"zomato_14456","yelp_54694","0.91"
"zomato_2539","yelp_15084","1.0"
"zomato_17308","yelp_8097","0.8285714285714285"
"zomato_6131","yelp_8218","0.8462450592885375"
"zomato_17658","yelp_13817","1.0"
"zomato_5583","yelp_1836","1.0"
"zomato_1628","yelp_43190","0.8095238095238095"
"zomato_3091","yelp_56941","0.9826086956521739"
"zomato_6401","yelp_2822","0.9217391304347826"
"zomato_19950","yelp_6386","1.0"
"zomato_2714","yelp_4665","0.8378947368421052"
"zomato_14802","yelp_20628","1.0"
"zomato_6140","yelp_23238","1.0"
"zomato_358","yelp_50853","0.8320000000000001"
"zomato_17794","yelp_48720","0.8372727272727273"
"zomato_19956","yelp_47963","1.0"
"zomato_8832","yelp_17356","1.0"
"zomato_19280","yelp_47797","1.0"
"zomato_8001","yelp_29155","0.8363636363636364"
"zomato_20629","yelp_42116","1.0"
"zomato_20334","yelp_26558","1.0"
"zomato_7301","yelp_34758","0.9307692307692308"
"zomato_294","yelp_34192","0.8199488491048592"
"zomato_5551","yelp_23226","0.8090909090909091"
"zomato_19564","yelp_29570","1.0"
"zomato_17358","yelp_48595","0.968421052631579"
"zomato_13315","yelp_30636","1.0"
"zomato_5100","yelp_9218","1.0"
"zomato_5552","yelp_23256","1.0"
"zomato_9670","yelp_34857","0.8857142857142857"
"zomato_1178","yelp_55247","0.8857142857142857"
"zomato_2502","yelp_32931","1.0"
"zomato_19946","yelp_10759","1.0"
"zomato_14278","yelp_37407","0.9"
"zomato_14787","yelp_37063","0.808"
"zomato_9783","yelp_46839","0.9333333333333333"
"zomato_3776","yelp_43229","1.0"
"zomato_4513","yelp_1255","0.9625"
"zomato_14232","yelp_24172","0.875"
"zomato_9315","yelp_15213","0.8235294117647058"
"zomato_14254","yelp_40028","1.0"
"zomato_13682","yelp_28896","1.0"
"zomato_17396","yelp_23492","0.904"
"zomato_13312","yelp_54321","0.9666666666666667"
"zomato_3107","yelp_41552","0.8320000000000001"
"zomato_17832","yelp_37685","1.0"
"zomato_2517","yelp_44704","0.8444444444444444"
"zomato_16022","yelp_19505","1.0"
"zomato_13304","yelp_26528","0.8176923076923077"
"zomato_20491","yelp_12203","1.0"
"zomato_20766","yelp_55452","0.8235294117647058"
"zomato_13327","yelp_26528","0.8615384615384616"
"zomato_2964","yelp_29863","1.0"
"zomato_10199","yelp_16089","0.8235294117647058"
"zomato_19553","yelp_34997","1.0"
"zomato_19975","yelp_47832","1.0"
"zomato_1151","yelp_14114","0.8222222222222222"
"zomato_5564","yelp_189","0.8153846153846154"
"zomato_501","yelp_22526","0.8846153846153846"
"zomato_20287","yelp_13410","1.0"
"zomato_1273","yelp_14209","0.8224256292906178"
"zomato_772","yelp_12858","0.9520000000000001"
"zomato_15967","yelp_27953","0.9"
"zomato_8789","yelp_17251","0.9513513513513513"
"zomato_13291","yelp_13138","1.0"
"zomato_19541","yelp_20197","0.9"
"zomato_8856","yelp_18522","0.8235294117647058"
"zomato_1053","yelp_55074","1.0"
"zomato_5442","yelp_23270","0.9076923076923077"
"zomato_1262","yelp_15621","1.0"
"zomato_5363","yelp_35026","1.0"
"zomato_5573","yelp_11249","0.91"
"zomato_1599","yelp_56319","0.8846153846153846"
"zomato_15379","yelp_25405","0.8736842105263158"
"zomato_8047","yelp_34758","0.9307692307692308"
"zomato_8749","yelp_50495","0.88"
"zomato_8411","yelp_6568","0.8666666666666667"
"zomato_4473","yelp_41521","0.9181818181818182"
"zomato_10195","yelp_47911","1.0"
"zomato_10237","yelp_17356","1.0"
"zomato_3079","yelp_37526","1.0"
"zomato_15942","yelp_25158","0.9032258064516129"
"zomato_5466","yelp_12792","0.9142857142857144"
"zomato_20627","yelp_12203","1.0"
"zomato_785","yelp_51226","1.0"
"zomato_783","yelp_51226","0.8"
"zomato_3004","yelp_1263","0.9142857142857144"
"zomato_36","yelp_54198","1.0"
"zomato_9592","yelp_22736","1.0"
"zomato_13283","yelp_42389","1.0"
"zomato_768","yelp_51226","0.808695652173913"
"zomato_2548","yelp_56757","0.8090909090909091"
"zomato_19943","yelp_47797","1.0"
"zomato_14126","yelp_1328","0.8800865800865801"
"zomato_14679","yelp_38397","1.0"
"zomato_1252","yelp_31498","0.875"
"zomato_13508","yelp_20753","0.98"
"zomato_3183","yelp_41309","0.9066666666666667"
"zomato_5498","yelp_41822","0.8444444444444444"
"zomato_14130","yelp_37524","1.0"
"zomato_7502","yelp_22064","1.0"
"zomato_14104","yelp_37524","0.8736842105263158"
"zomato_15333","yelp_54538","0.9142857142857144"
"zomato_5079","yelp_18123","0.842857142857143"
"zomato_5017","yelp_9940","0.9142857142857144"
"zomato_7721","yelp_23648","0.9368421052631579"
"zomato_5513","yelp_40361","1.0"
"zomato_13294","yelp_39809","0.97"
"zomato_16018","yelp_698","0.8973544973544973"
"zomato_9280","yelp_31190","0.808695652173913"
"zomato_7992","yelp_12550","0.88"
"zomato_14130","yelp_2756","0.8105263157894738"
"zomato_340","yelp_11949","0.8350132625994695"
"zomato_20358","yelp_2452","1.0"
"zomato_1739","yelp_16031","0.9739130434782609"
"zomato_14104","yelp_2756","0.8105263157894738"
"zomato_2444","yelp_16732","1.0"
"zomato_2994","yelp_15218","1.0"
"zomato_1207","yelp_56611","0.941913043478261"
"zomato_355","yelp_6159","0.9142857142857144"
"zomato_4881","yelp_39536","0.8078260869565218"
"zomato_17682","yelp_40369","1.0"
"zomato_14227","yelp_53104","0.8736842105263158"
"zomato_487","yelp_45027","0.8993421052631578"
"zomato_18013","yelp_34699","0.836"
"zomato_9272","yelp_32201","1.0"
"zomato_14538","yelp_14344","0.91"
"zomato_9785","yelp_10995","0.8105263157894738"
"zomato_14601","yelp_27700","0.9818181818181818"
"zomato_2163","yelp_31792","0.92"
"zomato_13287","yelp_26337","1.0"
"zomato_13545","yelp_39490","1.0"
"zomato_17728","yelp_40485","0.975"
"zomato_6106","yelp_40800","0.8588235294117647"
"zomato_3348","yelp_30584","1.0"
"zomato_8751","yelp_47562","1.0"
"zomato_1176","yelp_27289","0.9826086956521739"
"zomato_9108","yelp_33956","1.0"
"zomato_15367","yelp_42834","1.0"
"zomato_9812","yelp_20045","0.8941176470588235"
"zomato_17745","yelp_1685","1.0"
"zomato_8477","yelp_33343","1.0"
"zomato_4407","yelp_30690","0.925"
"zomato_5605","yelp_1225","0.88"
"zomato_19159","yelp_29411","0.8"
"zomato_19314","yelp_50850","0.8695652173913044"
"zomato_19181","yelp_29411","0.8285714285714285"
"zomato_3052","yelp_38545","0.8035087719298246"
"zomato_13362","yelp_55542","1.0"
"zomato_14785","yelp_42231","0.9428571428571428"
"zomato_16785","yelp_41336","0.8758620689655172"
"zomato_2492","yelp_56485","1.0"
"zomato_14528","yelp_55770","0.9478260869565218"
"zomato_2836","yelp_45828","1.0"
"zomato_20730","yelp_54214","0.8962962962962963"
"zomato_9822","yelp_45183","0.9336384439359269"
"zomato_14262","yelp_14924","1.0"
"zomato_1099","yelp_55087","0.88"
"zomato_9097","yelp_28401","0.9"
"zomato_20382","yelp_1334","0.9809523809523809"
"zomato_13925","yelp_43035","0.8233918128654971"
"zomato_1689","yelp_28302","0.9333333333333333"
"zomato_2303","yelp_5984","0.9612903225806452"
"zomato_9369","yelp_33643","0.9400000000000001"
"zomato_1220","yelp_56474","1.0"
"zomato_3589","yelp_43583","0.8320000000000001"
"zomato_1445","yelp_31031","0.8400000000000001"
"zomato_625","yelp_35622","0.8571428571428571"
"zomato_17958","yelp_1508","1.0"
"zomato_13300","yelp_27703","0.8"
"zomato_17885","yelp_24563","0.928"
"zomato_19609","yelp_10759","1.0"
"zomato_1240","yelp_39108","0.8846153846153846"
"zomato_4550","yelp_39997","0.9052631578947368"
"zomato_2170","yelp_14318","0.9368421052631579"
"zomato_2227","yelp_26126","0.8962962962962963"
"zomato_14177","yelp_1021","0.9733333333333334"
"zomato_14096","yelp_13670","0.8285714285714285"
"zomato_1684","yelp_56041","1.0"
"zomato_5392","yelp_2903","1.0"
"zomato_1068","yelp_30070","0.8285714285714285"
"zomato_20329","yelp_36095","0.85"
"zomato_16617","yelp_53519","0.8500000000000001"
"zomato_10286","yelp_34718","0.8941176470588235"
"zomato_16424","yelp_23088","1.0"
"zomato_9513","yelp_46757","0.888888888888889"
"zomato_14284","yelp_2457","0.8571428571428571"
"zomato_14085","yelp_12151","0.8400000000000001"
"zomato_13282","yelp_38135","0.825"
"zomato_5506","yelp_1386","0.925"
"zomato_1644","yelp_44140","0.85625"
"zomato_1251","yelp_44546","1.0"
"zomato_15151","yelp_49526","0.9520000000000001"
"zomato_14561","yelp_15927","0.904"
"zomato_2322","yelp_26104","1.0"
"zomato_17666","yelp_53836","0.8"
"zomato_5096","yelp_40638","0.81"
"zomato_13512","yelp_27475","1.0"
"zomato_20399","yelp_42884","1.0"
"zomato_19951","yelp_52973","1.0"
"zomato_14942","yelp_27494","1.0"
"zomato_7933","yelp_40553","0.9181818181818182"
"zomato_19960","yelp_35674","0.8666666666666667"
"zomato_1353","yelp_44410","1.0"
"zomato_2519","yelp_4493","1.0"
"zomato_8893","yelp_11867","0.8064516129032259"
"zomato_17544","yelp_10083","0.9647058823529412"
"zomato_20504","yelp_1099","0.8941176470588235"
"zomato_14536","yelp_31893","0.856"
